desc: I1 cache:         32768 B, 64 B, 8-way associative
desc: D1 cache:         49152 B, 64 B, 12-way associative
desc: LL cache:         6291456 B, 64 B, 12-way associative
cmd: ./pirmo
events: Ir I1mr ILmr Dr D1mr DLmr Dw D1mw DLmw Bc Bcm Bi Bim
fl=./csu/../csu/libc-start.c
fn=__libc_start_main@@GLIBC_2.34
128 2 1 1 2 0 0 0 0 0 0 0 0 0
134 3 0 0 1 1 0 0 0 0 1 0 0 0
135 7 0 0 3 0 0 2 0 0 0 0 1 1
138 1 0 0 1 0 0 0 0 0 0 0 0 0
139 2 1 1 0 0 0 0 0 0 1 0 0 0
142 3 0 0 2 1 0 0 0 0 0 0 0 0
143 2 0 0 2 0 0 0 0 0 0 0 0 0
144 11 0 0 1 0 0 1 0 0 2 0 0 0
145 4 1 1 1 0 0 2 0 0 0 0 1 1
242 13 1 1 0 0 0 7 0 0 0 0 0 0
311 3 0 0 0 0 0 0 0 0 1 0 0 0
312 3 0 0 0 0 0 1 0 0 0 0 0 0
337 6 1 1 2 0 0 1 0 0 1 1 0 0
340 2 0 0 0 0 0 0 0 0 1 1 0 0
343 2 0 0 2 0 0 0 0 0 0 0 0 0
350 2 0 0 1 0 0 1 0 0 0 0 0 0
352 2 0 0 0 0 0 0 0 0 1 1 0 0
360 4 0 0 1 0 0 1 0 0 0 0 0 0
fl=./csu/../sysdeps/nptl/libc_start_call_main.h
fn=(below main)
29 9 1 1 1 0 0 5 0 0 0 0 0 0
44 3 1 1 0 0 0 1 0 0 0 0 0 0
46 2 0 0 0 0 0 0 0 0 1 0 0 0
51 2 0 0 1 1 0 1 0 0 0 0 0 0
52 2 0 0 1 1 0 1 0 0 0 0 0 0
55 2 0 0 0 0 0 1 0 0 0 0 0 0
58 6 1 1 5 0 0 1 0 0 0 0 1 1
74 2 0 0 0 0 0 1 0 0 0 0 0 0
fl=./csu/./csu/init-first.c
fn=_init_first
46 6 1 1 0 0 0 2 0 0 0 0 0 0
51 2 0 0 1 0 0 0 0 0 1 0 0 0
55 5 1 1 4 1 1 0 0 0 1 0 0 0
61 1 0 0 0 0 0 1 1 0 0 0 0 0
62 1 0 0 0 0 0 1 0 0 0 0 0 0
63 2 0 0 1 0 0 1 1 1 0 0 0 0
71 2 0 0 0 0 0 0 0 0 0 0 0 0
72 3 0 0 2 0 0 0 0 0 0 0 0 0
fl=./ctype/./ctype/ctype-info.c
fn=__ctype_init
29 1 1 1 0 0 0 0 0 0 0 0 0 0
31 7 1 1 5 1 0 1 0 0 0 0 0 0
33 4 0 0 2 0 0 1 0 0 0 0 0 0
35 4 0 0 2 0 0 1 0 0 0 0 0 0
36 1 0 0 1 0 0 0 0 0 0 0 0 0
fl=./debug/../sysdeps/x86_64/multiarch/ifunc-memmove.h
fn=__memcpy_chk
56 2 0 0 0 0 0 0 0 0 1 0 0 0
57 3 0 0 2 0 0 0 0 0 0 0 0 0
60 3 0 0 1 0 0 0 0 0 0 0 0 0
61 2 1 1 0 0 0 0 0 0 1 1 0 0
74 2 0 0 0 0 0 0 0 0 1 0 0 0
77 2 1 1 0 0 0 0 0 0 1 0 0 0
85 2 0 0 0 0 0 0 0 0 1 1 0 0
93 2 0 0 0 0 0 0 0 0 1 0 0 0
96 5 1 1 1 0 0 0 0 0 0 0 0 0
fn=__memmove_chk
56 2 0 0 0 0 0 0 0 0 1 0 0 0
57 3 1 1 2 0 0 0 0 0 0 0 0 0
60 3 0 0 1 0 0 0 0 0 0 0 0 0
61 2 1 1 0 0 0 0 0 0 1 1 0 0
74 2 0 0 0 0 0 0 0 0 1 0 0 0
77 2 0 0 0 0 0 0 0 0 1 0 0 0
85 2 0 0 0 0 0 0 0 0 1 1 0 0
93 2 1 1 0 0 0 0 0 0 1 1 0 0
96 5 1 1 1 0 0 0 0 0 0 0 0 0
fn=__mempcpy_chk
56 2 0 0 0 0 0 0 0 0 1 0 0 0
57 3 0 0 2 0 0 0 0 0 0 0 0 0
60 3 0 0 1 0 0 0 0 0 0 0 0 0
61 2 1 1 0 0 0 0 0 0 1 1 0 0
74 2 0 0 0 0 0 0 0 0 1 0 0 0
77 2 1 1 0 0 0 0 0 0 1 0 0 0
85 2 0 0 0 0 0 0 0 0 1 1 0 0
93 2 0 0 0 0 0 0 0 0 1 1 0 0
96 5 1 1 1 0 0 0 0 0 0 0 0 0
fl=./debug/../sysdeps/x86_64/multiarch/ifunc-memset.h
fn=__memset_chk
54 5 1 1 2 0 0 0 0 0 1 0 0 0
57 3 0 0 1 0 0 0 0 0 0 0 0 0
58 2 1 1 0 0 0 0 0 0 1 1 0 0
64 2 0 0 0 0 0 0 0 0 0 0 0 0
73 2 0 0 0 0 0 0 0 0 1 0 0 0
75 2 0 0 0 0 0 0 0 0 1 0 0 0
85 2 0 0 0 0 0 0 0 0 1 0 0 0
93 2 0 0 0 0 0 0 0 0 1 0 0 0
96 5 0 0 1 0 0 0 0 0 0 0 0 0
fl=./debug/../sysdeps/x86_64/multiarch/memcpy_chk.c
fn=__memcpy_chk
29 1 1 1 0 0 0 0 0 0 0 0 0 0
fl=./debug/../sysdeps/x86_64/multiarch/memmove_chk.c
fn=__memmove_chk
29 1 0 0 0 0 0 0 0 0 0 0 0 0
fl=./debug/../sysdeps/x86_64/multiarch/mempcpy_chk.c
fn=__mempcpy_chk
29 1 1 1 0 0 0 0 0 0 0 0 0 0
fl=./debug/../sysdeps/x86_64/multiarch/memset_chk.c
fn=__memset_chk
29 1 0 0 0 0 0 0 0 0 0 0 0 0
fl=./elf/../bits/stdlib-bsearch.h
fn=intel_check_word.constprop.0
27 96 0 0 0 0 0 0 0 0 0 0 0 0
28 48 0 0 0 0 0 0 0 0 0 0 0 0
29 744 0 0 0 0 0 0 0 0 372 38 0 0
31 648 0 0 0 0 0 0 0 0 0 0 0 0
32 348 0 0 0 0 0 0 0 0 0 0 0 0
35 264 0 0 0 0 0 0 0 0 0 0 0 0
37 120 1 1 0 0 0 0 0 0 0 0 0 0
fl=./elf/../elf/dl-tls.c
fn=_dl_add_to_slotinfo
1017 9 1 1 0 0 0 5 0 0 0 0 0 0
1023 1 0 0 1 0 0 0 0 0 0 0 0 0
1026 1 0 0 1 0 0 0 0 0 0 0 0 0
1027 1 0 0 0 0 0 0 0 0 0 0 0 0
1031 3 1 1 1 0 0 0 0 0 1 0 0 0
1065 2 0 0 0 0 0 0 0 0 1 1 0 0
1068 2 0 0 0 0 0 1 0 0 0 0 0 0
1069 3 0 0 1 0 0 1 0 0 0 0 0 0
1072 6 1 1 6 0 0 0 0 0 0 0 0 0
fn=_dl_allocate_tls_init
523 11 1 1 0 0 0 8 0 0 0 0 0 0
524 2 0 0 0 0 0 0 0 0 1 0 0 0
528 2 0 0 1 1 0 1 0 0 0 0 0 0
531 1 0 0 0 0 0 0 0 0 0 0 0 0
534 2 1 1 1 1 0 1 0 0 0 0 1 1
537 3 0 0 2 1 0 0 0 0 1 0 0 0
549 1 0 0 1 0 0 0 0 0 0 0 0 0
554 17 1 1 2 0 0 1 0 0 2 0 0 0
560 5 1 1 0 0 0 0 0 0 2 1 0 0
563 3 0 0 1 0 0 0 0 0 0 0 0 0
564 2 0 0 0 0 0 0 0 0 1 0 0 0
570 3 1 1 2 0 0 0 0 0 1 0 0 0
571 2 0 0 0 0 0 0 0 0 0 0 0 0
573 10 0 0 3 1 0 1 0 0 0 0 0 0
576 2 0 0 0 0 0 0 0 0 1 0 0 0
577 2 0 0 1 0 0 0 0 0 0 0 0 0
580 2 1 1 0 0 0 0 0 0 1 0 0 0
581 4 0 0 2 0 0 0 0 0 1 0 0 0
583 2 0 0 0 0 0 0 0 0 1 0 0 0
584 2 0 0 1 0 0 0 0 0 0 0 0 0
593 1 0 0 0 0 0 1 0 0 0 0 0 0
601 2 0 0 1 0 0 0 0 0 1 1 0 0
603 10 0 0 2 0 0 3 0 0 0 0 0 0
609 1 0 0 1 0 0 0 0 0 0 0 0 0
615 2 0 0 1 0 0 1 0 0 0 0 1 1
618 2 0 0 1 0 0 1 0 0 0 0 0 0
621 9 0 0 8 0 0 0 0 0 0 0 0 0
fn=_dl_allocate_tls_storage
365 1 0 0 1 0 0 0 0 0 0 0 0 0
369 1 1 1 0 0 0 0 0 0 0 0 0 0
370 1 0 0 0 0 0 0 0 0 0 0 0 0
371 2 0 0 0 0 0 0 0 0 1 0 0 0
374 1 0 0 0 0 0 1 1 1 0 0 0 0
380 2 0 0 0 0 0 1 0 0 0 0 0 0
417 7 2 2 0 0 0 4 0 0 0 0 0 0
419 1 0 0 1 0 0 0 0 0 0 0 0 0
430 1 0 0 1 0 0 0 0 0 0 0 0 0
431 1 0 0 0 0 0 0 0 0 0 0 0 0
432 2 0 0 0 0 0 0 0 0 1 0 0 0
440 6 0 0 0 0 0 0 0 0 0 0 0 0
441 1 1 1 0 0 0 0 0 0 0 0 0 0
445 305 0 0 0 0 0 297 37 37 296 10 0 0
464 1 0 0 0 0 0 1 1 1 0 0 0 0
470 7 0 0 5 0 0 0 0 0 0 0 0 0
fn=_dl_assign_tls_modid
125 4 1 1 0 0 0 1 0 0 0 0 0 0
128 2 0 0 1 0 0 0 0 0 1 0 0 0
141 1 0 0 1 0 0 0 0 0 0 0 0 0
181 1 0 0 0 0 0 0 0 0 0 0 0 0
183 1 1 1 0 0 0 1 0 0 0 0 0 0
186 1 0 0 0 0 0 1 0 0 0 0 0 0
187 2 0 0 2 0 0 0 0 0 0 0 0 0
fn=_dl_count_modids
192 1 1 1 0 0 0 0 0 0 0 0 0 0
194 2 0 0 1 0 0 0 0 0 1 0 0 0
195 1 0 0 1 0 0 0 0 0 0 0 0 0
210 2 0 0 1 0 0 0 0 0 0 0 0 0
fn=_dl_determine_tlsoffset
216 9 1 1 0 0 0 6 0 0 0 0 0 0
217 1 0 0 0 0 0 0 0 0 0 0 0 0
218 1 0 0 0 0 0 0 0 0 0 0 0 0
219 1 0 0 0 0 0 0 0 0 0 0 0 0
222 4 0 0 1 0 0 1 0 0 1 0 0 0
225 2 0 0 1 0 0 0 0 0 1 0 0 0
259 1 0 0 0 0 0 0 0 0 0 0 0 0
261 11 1 1 3 1 1 0 0 0 2 2 0 0
263 5 1 1 2 0 0 1 0 0 1 0 0 0
265 3 1 1 1 0 0 0 0 0 0 0 0 0
266 2 0 0 1 0 0 0 0 0 0 0 0 0
268 2 0 0 0 0 0 0 0 0 0 0 0 0
270 5 0 0 1 0 0 0 0 0 1 1 0 0
281 1 0 0 0 0 0 1 0 0 0 0 0 0
286 8 0 0 0 0 0 0 0 0 0 0 0 0
288 2 0 0 0 0 0 0 0 0 1 1 0 0
289 1 0 0 0 0 0 0 0 0 0 0 0 0
294 1 0 0 0 0 0 0 0 0 0 0 0 0
301 1 0 0 0 0 0 1 0 0 0 0 0 0
302 7 2 2 1 0 0 0 0 0 0 0 0 0
304 2 0 0 0 0 0 1 0 0 0 0 0 0
354 1 0 0 0 0 0 1 0 0 0 0 0 0
355 8 0 0 7 0 0 0 0 0 0 0 0 0
fn=_dl_tls_static_surplus_init
83 3 0 0 0 0 0 0 0 0 0 0 0 0
97 8 1 1 0 0 0 4 0 0 0 0 0 0
100 6 0 0 1 0 0 1 0 0 0 0 0 0
101 5 0 0 1 0 0 1 0 0 0 0 0 0
102 3 0 0 0 0 0 0 0 0 0 0 0 0
104 4 1 1 0 0 0 0 0 0 1 0 0 0
107 1 0 0 0 0 0 0 0 0 0 0 0 0
109 1 0 0 0 0 0 1 0 0 0 0 0 0
111 3 0 0 0 0 0 1 0 0 0 0 0 0
112 6 0 0 5 0 0 0 0 0 0 0 0 0
fl=./elf/../include/list.h
fn=__tls_init_tp
43 2 1 1 1 0 0 1 0 0 0 0 0 0
44 2 0 0 0 0 0 1 0 0 0 0 0 0
45 1 0 0 0 0 0 1 0 0 0 0 0 0
47 1 0 0 0 0 0 1 0 0 0 0 0 0
fl=./elf/../include/rtld-malloc.h
fn=__minimal_calloc
56 10 0 0 10 0 0 0 0 0 0 0 10 1
fn=_dl_allocate_tls_storage
44 2 0 0 1 0 0 1 0 0 0 0 1 1
56 1 0 0 1 0 0 1 0 0 0 0 1 1
fn=_dl_check_map_versions
44 12 1 1 4 0 0 4 0 0 0 0 4 1
fn=_dl_find_object_init
56 2 0 0 1 0 0 1 0 0 0 0 1 1
fn=_dl_important_hwcaps
56 4 0 0 2 0 0 2 0 0 0 0 2 2
fn=_dl_init_paths
56 5 0 0 3 0 0 3 0 0 0 0 3 3
fn=_dl_map_object_deps
56 8 0 0 4 0 0 4 0 0 0 0 4 2
fn=_dl_new_object
44 12 0 0 4 0 0 4 0 0 0 0 4 1
56 9 1 1 3 0 0 3 0 0 0 0 3 1
fn=fillin_rpath.isra.0
50 2 1 1 2 0 0 1 0 0 0 0 1 1
51 1 0 0 0 0 0 0 0 0 0 0 0 0
56 2 0 0 1 0 0 1 0 0 0 0 1 1
fn=init_tls
44 2 0 0 1 0 0 1 0 0 0 0 1 1
fl=./elf/../include/scratch_buffer.h
fn=_dl_map_object_deps
77 2 0 0 0 0 0 1 1 1 0 0 0 0
78 1 0 0 0 0 0 1 0 0 0 0 0 0
85 3 1 1 1 0 0 0 0 0 1 1 0 0
131 12 1 1 0 0 0 6 0 0 0 0 0 0
fl=./elf/../misc/sbrk.c
fn=sbrk
37 6 1 1 0 0 0 3 0 0 0 0 0 0
40 1 0 0 1 0 0 0 0 0 0 0 0 0
58 2 0 0 0 0 0 0 0 0 1 0 0 0
62 2 0 0 0 0 0 0 0 0 1 1 0 0
78 5 1 1 4 0 0 0 0 0 0 0 0 0
fl=./elf/../nptl/nptl-stack.h
fn=__libc_early_init
61 8 0 0 2 1 0 0 0 0 0 0 0 0
fl=./elf/../sysdeps/generic/_itoa.h
fn=_dl_check_map_versions
76 15 0 0 5 0 0 10 0 0 0 0 0 0
fl=./elf/../sysdeps/generic/dl-cache.h
fn=_dl_load_cache_lookup
125 2 1 1 2 0 0 0 0 0 0 0 0 0
194 1 0 0 1 0 0 0 0 0 0 0 0 0
195 5 0 0 0 0 0 0 0 0 1 1 0 0
fl=./elf/../sysdeps/generic/dl-call_tls_init_tp.h
fn=init_tls
31 8 0 0 0 0 0 2 0 0 1 0 0 0
33 1 0 0 0 0 0 1 0 0 0 0 0 0
fl=./elf/../sysdeps/generic/dl-debug.h
fn=dl_main
29 4 0 0 2 0 0 0 0 0 1 0 0 0
30 1 0 0 0 0 0 1 0 0 0 0 0 0
fl=./elf/../sysdeps/generic/dl-hash.h
fn=__rtld_malloc_init_real
43 1 0 0 0 0 0 0 0 0 0 0 0 0
44 1 0 0 0 0 0 0 0 0 0 0 0 0
45 19 0 0 6 1 1 0 0 0 6 5 0 0
48 18 0 0 0 0 0 0 0 0 0 0 0 0
62 24 0 0 0 0 0 0 0 0 0 0 0 0
67 1 0 0 0 0 0 0 0 0 0 0 0 0
72 1 0 0 0 0 0 1 0 0 0 0 0 0
fl=./elf/../sysdeps/generic/dl-new-hash.h
fn=_dl_lookup_symbol_x
69 123 0 0 0 0 0 0 0 0 0 0 0 0
70 246 0 0 0 0 0 0 0 0 0 0 0 0
74 943 0 0 943 97 97 0 0 0 0 0 0 0
77 1886 0 0 0 0 0 0 0 0 943 88 0 0
80 879 0 0 879 13 13 0 0 0 0 0 0 0
81 1758 0 0 0 0 0 0 0 0 879 69 0 0
87 59 1 1 0 0 0 0 0 0 0 0 0 0
88 59 0 0 0 0 0 0 0 0 0 0 0 0
89 118 0 0 0 0 0 0 0 0 0 0 0 0
90 59 0 0 0 0 0 0 0 0 0 0 0 0
99 820 0 0 0 0 0 0 0 0 0 0 0 0
101 820 0 0 0 0 0 0 0 0 0 0 0 0
102 1640 0 0 0 0 0 0 0 0 0 0 0 0
104 820 1 1 0 0 0 0 0 0 0 0 0 0
105 820 0 0 0 0 0 0 0 0 0 0 0 0
fl=./elf/../sysdeps/generic/dl-protected.h
fn=do_lookup_x
29 452 0 0 0 0 0 0 0 0 113 0 0 0
fl=./elf/../sysdeps/generic/ldsodefs.h
fn=_dl_relocate_object
79 46 1 1 22 0 0 0 0 0 0 0 0 0
140 378 0 0 126 0 0 0 0 0 0 0 0 0
fn=_dl_start
79 6 1 1 3 0 0 0 0 0 0 0 0 0
fn=do_lookup_x
139 226 0 0 113 0 0 0 0 0 0 0 0 0
140 339 0 0 0 0 0 0 0 0 0 0 0 0
fl=./elf/../sysdeps/nptl/dl-mutex.c
fn=__rtld_mutex_init
30 7 1 1 0 0 0 4 0 0 0 0 0 0
37 1 0 0 1 0 0 0 0 0 0 0 0 0
40 7 0 0 0 0 0 1 0 0 0 0 0 0
44 2 1 1 0 0 0 0 0 0 1 0 0 0
45 9 0 0 3 0 0 1 0 0 1 0 0 0
47 6 0 0 0 0 0 1 0 0 0 0 0 0
51 2 1 1 0 0 0 0 0 0 1 0 0 0
52 7 0 0 3 0 0 1 0 0 1 0 0 0
53 6 0 0 5 0 0 0 0 0 0 0 0 0
fl=./elf/../sysdeps/nptl/dl-tls_init_tp.c
fn=__tls_init_tp
68 5 0 0 0 0 0 2 0 0 0 0 0 0
69 1 0 0 1 0 0 0 0 0 0 0 0 0
72 1 0 0 0 0 0 0 0 0 0 0 0 0
75 4 0 0 0 0 0 1 0 0 0 0 0 0
76 2 0 0 0 0 0 1 0 0 0 0 0 0
77 1 1 1 0 0 0 1 0 0 0 0 0 0
82 2 0 0 1 0 0 1 0 0 0 0 0 0
87 4 0 0 0 0 0 1 0 0 0 0 0 0
90 1 0 0 0 0 0 1 0 0 0 0 0 0
93 3 0 0 0 0 0 0 0 0 0 0 0 0
105 4 1 1 0 0 0 1 0 0 0 0 0 0
121 3 0 0 2 0 0 1 0 0 0 0 0 0
128 2 0 0 1 0 0 1 0 0 0 0 0 0
129 3 0 0 3 0 0 0 0 0 0 0 0 0
fn=__tls_pre_init_tp
53 3 1 1 0 0 0 0 0 0 0 0 0 0
56 10 1 1 0 0 0 3 1 1 0 0 0 0
61 2 0 0 0 0 0 1 0 0 0 0 0 0
62 1 1 1 0 0 0 1 0 0 0 0 0 0
64 1 0 0 1 0 0 0 0 0 0 0 0 0
fn=rtld_mutex_dummy
42 10 0 0 0 0 0 0 0 0 0 0 0 0
44 20 0 0 10 0 0 0 0 0 0 0 0 0
fl=./elf/../sysdeps/nptl/pthread_early_init.h
fn=__libc_early_init
33 6 0 0 0 0 0 1 0 0 1 0 0 0
34 1 0 0 1 0 0 0 0 0 0 0 0 0
38 5 0 0 0 0 0 0 0 0 0 0 0 0
45 2 1 1 2 0 0 0 0 0 0 0 0 0
46 1 0 0 0 0 0 0 0 0 0 0 0 0
48 2 0 0 0 0 0 0 0 0 0 0 0 0
52 5 0 0 0 0 0 1 0 0 0 0 0 0
53 1 1 1 0 0 0 1 1 1 0 0 0 0
54 1 0 0 0 0 0 1 1 1 0 0 0 0
56 1 0 0 0 0 0 1 0 0 0 0 0 0
fl=./elf/../sysdeps/posix/dl-fileid.h
fn=_dl_map_object_from_fd
37 12 0 0 0 0 0 3 1 1 3 0 0 0
40 12 0 0 9 0 0 3 0 0 0 0 0 0
49 24 0 0 12 1 1 0 0 0 12 8 0 0
fl=./elf/../sysdeps/unix/sysv/linux/brk.c
fn=brk
36 1 1 1 0 0 0 0 0 0 0 0 0 0
37 1 0 0 0 0 0 1 1 1 0 0 0 0
38 2 0 0 0 0 0 0 0 0 1 0 0 0
44 1 0 0 0 0 0 0 0 0 0 0 0 0
45 1 0 0 1 0 0 0 0 0 0 0 0 0
fl=./elf/../sysdeps/unix/sysv/linux/brk_call.h
fn=brk
24 2 0 0 0 0 0 0 0 0 0 0 0 0
fl=./elf/../sysdeps/unix/sysv/linux/dl-osinfo.h
fn=dl_main
39 2 0 0 1 0 0 0 0 0 0 0 0 0
52 1 0 0 1 0 0 0 0 0 0 0 0 0
fl=./elf/../sysdeps/unix/sysv/linux/dl-parse_auxv.h
fn=_dl_sysdep_parse_arguments
32 2 0 0 0 0 0 1 0 0 0 0 0 0
33 1 0 0 0 0 0 1 0 0 0 0 0 0
34 1 0 0 0 0 0 1 0 0 0 0 0 0
41 85 1 1 22 5 5 0 0 0 21 6 0 0
42 40 0 0 0 0 0 0 0 0 20 0 0 0
43 40 0 0 20 0 0 20 0 0 0 0 0 0
45 1 0 0 0 0 0 1 0 0 0 0 0 0
46 2 0 0 1 0 0 1 0 0 0 0 0 0
47 2 0 0 1 0 0 1 0 0 0 0 0 0
48 2 0 0 1 0 0 1 0 0 0 0 0 0
49 1 0 0 0 0 0 1 0 0 0 0 0 0
51 2 1 1 1 0 0 1 0 0 0 0 0 0
52 2 0 0 1 0 0 1 1 1 0 0 0 0
53 2 0 0 1 0 0 1 0 0 0 0 0 0
54 2 1 1 1 0 0 1 0 0 0 0 0 0
56 2 0 0 1 0 0 1 0 0 0 0 0 0
fl=./elf/../sysdeps/unix/sysv/linux/dl-sysdep.c
fn=_dl_sysdep_parse_arguments
78 7 1 1 0 0 0 4 1 1 0 0 0 0
79 2 0 0 1 0 0 1 1 1 0 0 0 0
80 2 0 0 0 0 0 1 0 0 0 0 0 0
81 3 0 0 0 0 0 1 1 1 0 0 0 0
82 32 0 0 0 0 0 0 0 0 0 0 0 0
83 67 1 1 33 4 4 0 0 0 33 10 0 0
86 2 1 1 0 0 0 1 1 1 0 0 0 0
90 56 0 0 0 0 0 52 6 6 52 10 0 0
93 5 0 0 3 0 0 1 0 0 0 0 0 0
94 2 0 0 1 0 0 1 0 0 0 0 0 0
95 3 1 1 2 0 0 1 0 0 0 0 0 0
96 6 0 0 5 0 0 0 0 0 0 0 0 0
fn=_dl_sysdep_start
102 6 1 1 0 0 0 2 1 1 0 0 0 0
103 1 0 0 0 0 0 1 0 0 0 0 0 0
106 2 0 0 0 0 0 1 0 0 0 0 0 0
110 2 0 0 1 0 0 1 0 0 0 0 0 0
113 1 0 0 0 0 0 1 0 0 0 0 0 0
115 2 0 0 0 0 0 1 0 0 0 0 0 0
122 3 1 1 1 0 0 0 0 0 1 0 0 0
123 2 0 0 0 0 0 2 0 0 0 0 0 0
125 5 0 0 0 0 0 1 0 0 1 0 0 0
137 3 0 0 1 0 0 0 0 0 1 0 0 0
140 5 1 1 3 0 0 1 0 0 0 0 1 1
143 4 1 0 4 1 0 0 0 0 0 0 0 0
fn=_dl_sysdep_start_cleanup
147 1 1 1 0 0 0 0 0 0 0 0 0 0
148 1 0 0 1 0 0 0 0 0 0 0 0 0
fl=./elf/../sysdeps/unix/sysv/linux/dl-vdso-setup.h
fn=dl_main
30 1 0 0 0 0 0 1 0 0 0 0 0 0
33 1 1 1 0 0 0 1 0 0 0 0 0 0
36 1 0 0 0 0 0 1 0 0 0 0 0 0
39 1 0 0 0 0 0 1 0 0 0 0 0 0
45 1 0 0 0 0 0 1 0 0 0 0 0 0
fl=./elf/../sysdeps/unix/sysv/linux/dl-vdso.h
fn=dl_main
40 2 1 1 1 0 0 0 0 0 0 0 0 0
41 5 0 0 0 0 0 2 0 0 1 0 0 0
55 2 0 0 0 0 0 0 0 0 0 0 0 0
fl=./elf/../sysdeps/unix/sysv/linux/rseq-internal.h
fn=__tls_init_tp
32 3 0 0 1 0 0 0 0 0 1 1 0 0
34 7 1 1 0 0 0 0 0 0 0 0 0 0
37 2 0 0 0 0 0 0 0 0 1 1 0 0
40 1 0 0 0 0 0 1 0 0 0 0 0 0
fl=./elf/../sysdeps/unix/sysv/linux/x86/dl-hwcap2.h
fn=update_active.constprop.0
25 2 0 0 1 0 0 0 0 0 1 1 0 0
fl=./elf/../sysdeps/unix/sysv/linux/x86/dl-minsigstacksize.h
fn=get_common_indices.constprop.0
24 2 2 2 1 0 0 0 0 0 1 0 0 0
27 2 0 0 1 0 0 0 0 0 1 0 0 0
28 2 0 0 1 0 0 0 0 0 1 0 0 0
65 3 0 0 0 0 0 0 0 0 0 0 0 0
72 1 0 0 0 0 0 0 0 0 0 0 0 0
74 1 0 0 0 0 0 1 0 0 0 0 0 0
fl=./elf/../sysdeps/x86/cpu-features.c
fn=get_common_indices.constprop.0
398 3 1 1 0 0 0 2 0 0 0 0 0 0
402 4 0 0 0 0 0 0 0 0 1 0 0 0
405 5 0 0 0 0 0 3 0 0 0 0 0 0
409 1 0 0 0 0 0 1 0 0 0 0 0 0
410 4 0 0 0 0 0 1 0 0 0 0 0 0
411 4 1 1 0 0 0 1 0 0 0 0 0 0
412 4 0 0 0 0 0 1 0 0 0 0 0 0
413 3 0 0 0 0 0 1 0 0 0 0 0 0
414 2 0 0 1 0 0 0 0 0 1 0 0 0
421 2 0 0 1 0 0 0 0 0 1 0 0 0
423 9 0 0 0 0 0 4 1 1 0 0 0 0
428 8 2 2 0 0 0 4 1 1 0 0 0 0
435 2 0 0 1 0 0 0 0 0 1 0 0 0
436 7 0 0 0 0 0 4 1 1 0 0 0 0
442 2 0 0 1 0 0 0 0 0 1 1 0 0
457 3 0 0 3 0 0 0 0 0 0 0 0 0
fn=init_cpu_features.constprop.0
376 3 0 0 0 0 0 0 0 0 0 0 0 0
377 2 0 0 0 0 0 0 0 0 1 0 0 0
378 6 0 0 0 0 0 4 0 0 0 0 0 0
383 2 1 1 0 0 0 0 0 0 1 1 0 0
384 6 1 1 0 0 0 4 0 0 0 0 0 0
389 2 0 0 0 0 0 0 0 0 1 0 0 0
390 7 1 1 0 0 0 4 0 0 0 0 0 0
682 8 1 1 0 0 0 6 0 0 0 0 0 0
685 1 0 0 0 0 0 1 0 0 0 0 0 0
686 1 1 1 0 0 0 1 0 0 0 0 0 0
687 1 0 0 0 0 0 1 0 0 0 0 0 0
690 1 0 0 0 0 0 1 1 1 0 0 0 0
699 3 0 0 0 0 0 1 0 0 0 0 0 0
702 6 1 1 0 0 0 0 0 0 3 1 0 0
703 1 0 0 0 0 0 0 0 0 0 0 0 0
706 2 0 0 0 0 0 1 0 0 0 0 0 0
708 6 2 2 0 0 0 1 0 0 0 0 0 0
713 1 0 0 0 0 0 1 0 0 0 0 0 0
715 3 0 0 1 0 0 0 0 0 1 1 0 0
717 9 2 2 3 1 1 1 0 0 1 0 0 0
721 7 0 0 1 1 1 0 0 0 1 0 1 1
774 3 0 0 2 0 0 0 0 0 1 1 0 0
781 2 1 1 0 0 0 1 0 0 0 0 0 0
799 1 1 1 0 0 0 1 0 0 0 0 0 0
832 2 0 0 0 0 0 0 0 0 1 1 0 0
866 4 1 1 0 0 0 0 0 0 1 1 0 0
869 2 0 0 0 0 0 1 0 0 0 0 0 0
870 1 1 1 0 0 0 0 0 0 0 0 0 0
878 2 1 1 1 0 0 0 0 0 1 0 0 0
885 2 0 0 1 0 0 0 0 0 1 0 0 0
887 2 0 0 0 0 0 1 0 0 0 0 0 0
891 2 0 0 0 0 0 0 0 0 1 0 0 0
897 2 0 0 1 0 0 0 0 0 1 1 0 0
899 1 1 1 0 0 0 0 0 0 0 0 0 0
1001 3 1 1 1 0 0 0 0 0 1 0 0 0
1002 2 0 0 0 0 0 1 0 0 0 0 0 0
1005 2 0 0 0 0 0 0 0 0 1 0 0 0
1006 2 0 0 0 0 0 1 0 0 0 0 0 0
1012 1 0 0 0 0 0 1 0 0 0 0 0 0
1013 1 0 0 0 0 0 1 0 0 0 0 0 0
1014 1 0 0 0 0 0 1 0 0 0 0 0 0
1015 2 1 1 1 0 0 1 0 0 0 0 0 0
1019 4 0 0 0 0 0 1 0 0 0 0 0 0
1022 4 0 0 0 0 0 1 0 0 0 0 0 0
1028 3 0 0 1 0 0 0 0 0 1 1 0 0
1041 2 0 0 0 0 0 0 0 0 0 0 0 0
1042 4 1 1 1 0 0 0 0 0 1 1 0 0
1081 1 0 0 0 0 0 1 0 0 0 0 0 0
1082 2 1 1 1 0 0 0 0 0 1 1 0 0
1086 3 0 0 1 0 0 0 0 0 1 1 0 0
1103 2 1 1 0 0 0 0 0 0 0 0 0 0
1104 2 0 0 0 0 0 0 0 0 1 0 0 0
1106 3 0 0 0 0 0 0 0 0 1 0 0 0
1107 2 0 0 1 0 0 0 0 0 0 0 0 0
1109 3 0 0 0 0 0 0 0 0 1 0 0 0
1110 2 0 0 0 0 0 0 0 0 0 0 0 0
1113 2 0 0 0 0 0 1 0 0 0 0 0 0
1127 4 0 0 0 0 0 1 0 0 0 0 0 0
1129 4 0 0 0 0 0 1 0 0 0 0 0 0
1135 4 0 0 0 0 0 1 0 0 0 0 0 0
1142 8 0 0 7 0 0 0 0 0 0 0 0 0
fn=update_active.constprop.0
72 8 2 2 0 0 0 6 0 0 0 0 0 0
76 1 0 0 1 0 0 0 0 0 0 0 0 0
84 3 1 1 1 0 0 0 0 0 0 0 0 0
85 3 0 0 0 0 0 0 0 0 0 0 0 0
86 1 0 0 1 0 0 0 0 0 0 0 0 0
94 4 0 0 1 0 0 1 0 0 0 0 0 0
95 1 0 0 1 0 0 0 0 0 0 0 0 0
103 4 0 0 1 0 0 1 0 0 0 0 0 0
104 1 0 0 1 0 0 0 0 0 0 0 0 0
109 4 0 0 0 0 0 1 0 0 0 0 0 0
112 4 0 0 1 0 0 1 0 0 0 0 0 0
113 1 0 0 1 0 0 0 0 0 0 0 0 0
116 5 1 1 1 0 0 2 1 1 0 0 0 0
117 2 1 1 1 0 0 1 0 0 0 0 0 0
121 5 0 0 1 0 0 2 0 0 0 0 0 0
122 3 0 0 2 0 0 0 0 0 0 0 0 0
123 3 1 1 2 0 0 0 0 0 0 0 0 0
124 2 0 0 1 0 0 1 0 0 0 0 0 0
128 5 0 0 1 0 0 1 0 0 0 0 0 0
129 5 1 1 2 0 0 1 0 0 0 0 0 0
130 3 0 0 2 1 1 0 0 0 0 0 0 0
132 2 0 0 0 0 0 0 0 0 1 0 0 0
133 4 0 0 0 0 0 1 0 0 0 0 0 0
147 2 0 0 0 0 0 0 0 0 1 1 0 0
151 7 2 2 0 0 0 4 1 1 0 0 0 0
152 4 0 0 0 0 0 1 0 0 0 0 0 0
154 3 0 0 0 0 0 0 0 0 1 1 0 0
158 4 1 1 0 0 0 1 0 0 1 0 0 0
161 1 0 0 0 0 0 0 0 0 0 0 0 0
164 2 0 0 0 0 0 0 0 0 1 1 0 0
166 2 0 0 0 0 0 1 0 0 0 0 0 0
170 1 0 0 0 0 0 0 0 0 0 0 0 0
171 1 1 1 1 1 1 0 0 0 0 0 0 0
178 4 1 1 1 0 0 1 0 0 0 0 0 0
180 5 0 0 1 0 0 1 0 0 0 0 0 0
186 4 0 0 0 0 0 1 0 0 0 0 0 0
188 5 1 1 2 0 0 1 0 0 0 0 0 0
190 4 0 0 0 0 0 2 0 0 0 0 0 0
195 5 0 0 0 0 0 1 0 0 1 1 0 0
244 3 0 0 1 0 0 0 0 0 0 0 0 0
245 3 0 0 1 0 0 0 0 0 1 1 0 0
261 4 1 1 0 0 0 0 0 0 1 0 0 0
277 2 0 0 0 0 0 0 0 0 1 1 0 0
281 2 0 0 0 0 0 1 0 0 0 0 0 0
282 1 1 1 1 0 0 0 0 0 0 0 0 0
285 4 0 0 1 0 0 1 0 0 0 0 0 0
289 2 0 0 0 0 0 0 0 0 1 0 0 0
293 3 1 1 0 0 0 0 0 0 0 0 0 0
294 2 0 0 0 0 0 0 0 0 1 0 0 0
296 1 0 0 0 0 0 0 0 0 0 0 0 0
297 1 0 0 0 0 0 0 0 0 0 0 0 0
300 2 0 0 0 0 0 1 0 0 0 0 0 0
302 1 0 0 0 0 0 1 0 0 0 0 0 0
305 2 0 0 0 0 0 0 0 0 1 1 0 0
356 5 1 1 0 0 0 0 0 0 1 1 0 0
360 3 1 1 1 0 0 0 0 0 1 1 0 0
369 1 0 0 0 0 0 1 0 0 0 0 0 0
370 8 0 0 7 0 0 0 0 0 0 0 0 0
fl=./elf/../sysdeps/x86/dl-cacheinfo.h
fn=get_common_cache_info.constprop.0
571 11 1 1 0 0 0 6 0 0 0 0 0 0
586 1 0 0 1 0 0 0 0 0 0 0 0 0
587 1 0 0 1 0 0 0 0 0 0 0 0 0
588 2 0 0 1 0 0 1 0 0 0 0 0 0
589 1 1 1 1 0 0 0 0 0 0 0 0 0
590 2 0 0 1 0 0 1 0 0 0 0 0 0
596 3 0 0 0 0 0 1 0 0 0 0 0 0
598 7 1 1 3 0 0 2 0 0 0 0 0 0
601 2 0 0 0 0 0 0 0 0 1 0 0 0
613 1 0 0 0 0 0 0 0 0 0 0 0 0
618 3 1 1 1 0 0 0 0 0 1 0 0 0
622 2 0 0 0 0 0 0 0 0 1 1 0 0
627 5 1 1 1 0 0 0 0 0 1 1 0 0
630 24 2 2 0 0 0 5 0 0 1 1 0 0
637 8 0 0 0 0 0 0 0 0 4 0 0 0
640 26 0 0 0 0 0 0 0 0 7 5 0 0
645 2 1 1 0 0 0 0 0 0 1 0 0 0
649 3 0 0 0 0 0 0 0 0 0 0 0 0
650 2 0 0 0 0 0 0 0 0 0 0 0 0
654 2 0 0 0 0 0 0 0 0 1 0 0 0
658 3 0 0 0 0 0 0 0 0 0 0 0 0
661 4 0 0 0 0 0 1 0 0 0 0 0 0
662 1 0 0 0 0 0 0 0 0 0 0 0 0
667 4 0 0 0 0 0 0 0 0 2 1 0 0
673 4 0 0 0 0 0 0 0 0 2 0 0 0
681 6 0 0 0 0 0 0 0 0 0 0 0 0
683 2 0 0 0 0 0 0 0 0 1 0 0 0
685 4 0 0 0 0 0 0 0 0 2 1 0 0
687 12 1 1 0 0 0 0 0 0 1 0 0 0
689 1 0 0 0 0 0 0 0 0 0 0 0 0
690 1 0 0 0 0 0 0 0 0 0 0 0 0
691 9 0 0 1 0 0 0 0 0 2 0 0 0
693 4 1 1 0 0 0 0 0 0 2 1 0 0
696 7 1 1 4 0 0 0 0 0 1 0 0 0
701 1 0 0 0 0 0 0 0 0 0 0 0 0
703 4 1 1 0 0 0 0 0 0 0 0 0 0
704 3 0 0 0 0 0 0 0 0 0 0 0 0
705 1 0 0 0 0 0 0 0 0 0 0 0 0
708 2 0 0 0 0 0 0 0 0 1 1 0 0
711 2 1 1 0 0 0 0 0 0 1 0 0 0
718 1 0 0 0 0 0 0 0 0 0 0 0 0
720 4 0 0 0 0 0 0 0 0 0 0 0 0
721 1 0 0 0 0 0 0 0 0 0 0 0 0
726 2 0 0 0 0 0 0 0 0 0 0 0 0
731 2 0 0 0 0 0 0 0 0 1 0 0 0
732 1 0 0 0 0 0 0 0 0 0 0 0 0
733 2 0 0 0 0 0 0 0 0 1 0 0 0
734 1 0 0 0 0 0 0 0 0 0 0 0 0
759 3 0 0 0 0 0 0 0 0 0 0 0 0
770 5 0 0 1 0 0 0 0 0 2 0 0 0
771 5 0 0 0 0 0 1 0 0 0 0 0 0
775 2 1 1 1 0 0 0 0 0 1 1 0 0
782 1 0 0 0 0 0 1 0 0 0 0 0 0
783 2 0 0 1 0 0 1 0 0 0 0 0 0
784 1 0 0 0 0 0 1 0 0 0 0 0 0
785 7 0 0 7 0 0 0 0 0 0 0 0 0
fn=handle_intel.constprop.0
250 108 0 0 0 0 0 72 0 0 0 0 0 0
255 24 1 1 12 0 0 0 0 0 12 0 0 0
261 12 0 0 0 0 0 12 0 0 0 0 0 0
262 12 0 0 0 0 0 12 0 0 0 0 0 0
267 48 0 0 0 0 0 12 0 0 0 0 0 0
271 24 0 0 0 0 0 0 0 0 12 11 0 0
276 24 1 1 0 0 0 0 0 0 0 0 0 0
279 60 0 0 0 0 0 12 0 0 0 0 0 0
281 24 0 0 0 0 0 0 0 0 12 0 0 0
284 60 1 1 0 0 0 12 0 0 0 0 0 0
286 24 0 0 0 0 0 0 0 0 12 12 0 0
305 96 0 0 84 0 0 0 0 0 0 0 0 0
fn=init_cpu_features.constprop.0
792 1 0 0 0 0 0 1 0 0 0 0 0 0
793 1 0 0 0 0 0 1 0 0 0 0 0 0
795 1 0 0 0 0 0 1 0 0 0 0 0 0
809 2 0 0 0 0 0 0 0 0 1 1 0 0
811 3 1 1 0 0 0 2 0 0 0 0 0 0
812 3 1 1 0 0 0 1 0 0 0 0 0 0
813 3 0 0 0 0 0 2 0 0 0 0 0 0
814 2 0 0 0 0 0 2 0 0 0 0 0 0
817 3 0 0 0 0 0 2 0 0 0 0 0 0
819 3 1 1 0 0 0 2 0 0 0 0 0 0
820 2 0 0 1 0 0 1 0 0 0 0 0 0
822 3 0 0 0 0 0 2 0 0 0 0 0 0
824 3 0 0 0 0 0 2 0 0 0 0 0 0
825 1 0 0 0 0 0 1 0 0 0 0 0 0
827 3 0 0 0 0 0 2 0 0 0 0 0 0
829 3 1 1 0 0 0 2 0 0 0 0 0 0
830 2 0 0 1 0 0 1 0 0 0 0 0 0
832 3 0 0 0 0 0 2 0 0 0 0 0 0
834 3 0 0 0 0 0 1 0 0 0 0 0 0
836 3 1 1 0 0 0 2 0 0 0 0 0 0
838 5 0 0 1 0 0 1 0 0 0 0 0 0
894 2 1 1 1 0 0 1 1 1 0 0 0 0
895 2 0 0 1 0 0 1 0 0 0 0 0 0
896 2 0 0 1 0 0 1 0 0 0 0 0 0
897 2 1 1 1 0 0 1 0 0 0 0 0 0
898 2 0 0 1 0 0 1 0 0 0 0 0 0
899 2 0 0 1 0 0 1 0 0 0 0 0 0
900 1 0 0 0 0 0 1 1 1 0 0 0 0
901 1 0 0 0 0 0 1 0 0 0 0 0 0
902 1 0 0 0 0 0 1 0 0 0 0 0 0
903 1 1 1 0 0 0 1 0 0 0 0 0 0
904 1 0 0 0 0 0 1 0 0 0 0 0 0
905 1 0 0 0 0 0 1 0 0 0 0 0 0
907 1 0 0 1 0 0 0 0 0 0 0 0 0
910 3 0 0 0 0 0 0 0 0 0 0 0 0
924 3 0 0 1 0 0 0 0 0 0 0 0 0
925 7 1 1 5 0 0 2 0 0 0 0 0 0
930 2 0 0 0 0 0 0 0 0 0 0 0 0
931 6 0 0 2 0 0 0 0 0 0 0 0 0
932 2 0 0 0 0 0 0 0 0 0 0 0 0
939 3 0 0 1 0 0 0 0 0 1 0 0 0
959 6 1 1 0 0 0 0 0 0 0 0 0 0
968 2 0 0 0 0 0 0 0 0 0 0 0 0
969 2 0 0 0 0 0 0 0 0 1 1 0 0
974 12 2 2 0 0 0 0 0 0 0 0 0 0
987 5 0 0 2 0 0 1 0 0 0 0 0 0
995 7 1 1 1 0 0 1 0 0 0 0 0 0
997 2 0 0 0 0 0 0 0 0 1 1 0 0
1000 5 0 0 1 0 0 1 0 0 0 0 0 0
1002 2 0 0 0 0 0 0 0 0 1 1 0 0
1005 5 1 1 1 0 0 1 0 0 0 0 0 0
1006 5 0 0 0 0 0 1 0 0 1 0 0 0
1010 6 0 0 1 0 0 2 0 0 0 0 0 0
1011 3 0 0 1 0 0 0 0 0 1 1 0 0
1017 7 0 0 1 0 0 3 0 0 0 0 0 0
1020 11 2 2 2 0 0 5 0 0 0 0 0 0
1021 10 1 1 2 0 0 5 0 0 0 0 0 0
1022 13 2 2 2 0 0 6 0 0 0 0 0 0
1025 10 0 0 1 0 0 5 0 0 0 0 0 0
1027 10 1 1 1 0 0 5 0 0 0 0 0 0
1040 4 0 0 3 0 0 0 0 0 0 0 0 0
1042 2 0 0 1 0 0 1 0 0 0 0 0 0
1043 2 1 1 1 0 0 1 0 0 0 0 0 0
1044 1 0 0 0 0 0 1 0 0 0 0 0 0
1045 1 0 0 0 0 0 1 0 0 0 0 0 0
1046 1 1 1 0 0 0 1 0 0 0 0 0 0
1047 1 0 0 0 0 0 1 0 0 0 0 0 0
fn=intel_check_word.constprop.0
110 648 1 1 324 6 6 0 0 0 324 6 0 0
113 324 0 0 0 0 0 0 0 0 324 41 0 0
119 216 0 0 0 0 0 96 0 0 0 0 0 0
123 48 1 1 0 0 0 0 0 0 24 0 0 0
125 12 0 0 0 0 0 0 0 0 0 0 0 0
129 120 1 1 0 0 0 0 0 0 0 0 0 0
131 144 0 0 0 0 0 0 0 0 72 2 0 0
133 60 0 0 0 0 0 0 0 0 0 0 0 0
135 120 0 0 0 0 0 0 0 0 60 0 0 0
143 120 1 1 0 0 0 0 0 0 60 2 0 0
152 12 0 0 0 0 0 0 0 0 0 0 0 0
155 138 1 1 0 0 0 0 0 0 12 5 0 0
158 99 0 0 0 0 0 0 0 0 33 1 0 0
162 58 0 0 0 0 0 0 0 0 0 0 0 0
164 189 1 1 0 0 0 0 0 0 35 6 0 0
167 120 0 0 0 0 0 0 0 0 20 3 0 0
168 72 0 0 0 0 0 0 0 0 18 4 0 0
169 60 0 0 0 0 0 0 0 0 15 3 0 0
170 48 0 0 0 0 0 0 0 0 12 4 0 0
172 11 1 1 0 0 0 0 0 0 0 0 0 0
174 22 0 0 0 0 0 0 0 0 11 4 0 0
176 12 1 1 0 0 0 0 0 0 0 0 0 0
177 16 0 0 0 0 0 0 0 0 0 0 0 0
178 12 0 0 0 0 0 0 0 0 0 0 0 0
179 20 0 0 0 0 0 0 0 0 0 0 0 0
180 14 1 1 0 0 0 0 0 0 7 3 0 0
181 12 0 0 0 0 0 0 0 0 0 0 0 0
183 8 0 0 0 0 0 0 0 0 4 0 0 0
184 12 0 0 0 0 0 0 0 0 0 0 0 0
187 21 0 0 0 0 0 0 0 0 0 0 0 0
190 2 0 0 0 0 0 0 0 0 0 0 0 0
194 192 0 0 0 0 0 0 0 0 48 6 0 0
202 168 1 1 48 0 0 0 0 0 0 0 0 0
216 48 0 0 0 0 0 0 0 0 0 0 0 0
246 144 0 0 120 0 0 0 0 0 0 0 0 0
fl=./elf/../sysdeps/x86/dl-get-cpu-features.c
fn=__x86_cpu_features
39 3 0 0 1 0 0 0 0 0 1 0 0 0
71 3 1 1 1 0 0 0 0 0 0 0 0 0
fn=_dl_x86_init_cpu_features
37 1 1 1 0 0 0 0 0 0 0 0 0 0
39 3 0 0 1 0 0 0 0 0 1 1 0 0
41 1 0 0 0 0 0 0 0 0 0 0 0 0
fl=./elf/../sysdeps/x86/dl-isa-level.h
fn=_dl_load_cache_lookup
28 12 0 0 4 0 0 4 0 0 0 0 0 0
fl=./elf/../sysdeps/x86/dl-procinfo.h
fn=_dl_load_cache_lookup
39 4 1 1 0 0 0 0 0 0 2 0 0 0
42 14 0 0 0 0 0 4 1 1 2 2 0 0
fl=./elf/../sysdeps/x86/dl-prop.h
fn=_dl_map_object_from_fd
149 12 0 0 6 0 0 0 0 0 6 6 0 0
fn=_dl_process_pt_gnu_property
95 28 2 1 0 0 0 0 0 0 7 0 0 0
102 14 0 0 0 0 0 0 0 0 7 0 0 0
115 14 0 0 0 0 0 0 0 0 7 4 0 0
118 7 0 0 7 2 2 0 0 0 0 0 0 0
252 6 1 1 0 0 0 0 0 0 3 0 0 0
253 3 0 0 0 0 0 3 0 0 0 0 0 0
254 8 0 0 0 0 0 0 0 0 4 0 0 0
255 4 0 0 0 0 0 4 0 0 0 0 0 0
257 28 0 0 7 0 0 7 0 0 0 0 0 0
258 1 0 0 1 0 0 0 0 0 0 0 0 0
260 7 0 0 3 0 0 0 0 0 0 0 0 0
fn=dl_main
36 2 0 0 2 0 0 0 0 0 0 0 0 0
37 18 1 1 0 0 0 0 0 0 6 5 0 0
40 8 0 0 8 0 0 0 0 0 0 0 0 0
49 28 1 1 9 0 0 0 0 0 10 1 0 0
53 23 0 0 5 0 0 0 0 0 4 0 0 0
71 2 0 0 1 0 0 1 0 0 0 0 0 0
149 4 0 0 2 0 0 0 0 0 2 2 0 0
235 4 1 1 4 0 0 0 0 0 0 0 0 0
236 2 0 0 2 0 0 0 0 0 0 0 0 0
fl=./elf/../sysdeps/x86/get-isa-level.h
fn=_dl_hwcaps_subdirs_active
30 4 0 0 0 0 0 0 0 0 1 1 0 0
31 1 0 0 1 0 0 0 0 0 0 0 0 0
32 3 0 0 1 0 0 0 0 0 1 0 0 0
36 3 0 0 0 0 0 0 0 0 1 0 0 0
39 4 1 1 1 0 0 0 0 0 1 0 0 0
40 4 0 0 1 0 0 0 0 0 1 0 0 0
45 4 0 0 0 0 0 0 0 0 1 0 0 0
48 2 0 0 0 0 0 0 0 0 1 0 0 0
51 5 0 0 1 0 0 0 0 0 1 0 0 0
53 4 1 1 0 0 0 0 0 0 1 0 0 0
54 2 0 0 0 0 0 0 0 0 1 0 0 0
55 2 0 0 0 0 0 0 0 0 1 0 0 0
58 4 0 0 0 0 0 0 0 0 1 1 0 0
fn=update_active.constprop.0
28 1 0 0 0 0 0 0 0 0 0 0 0 0
30 4 0 0 0 0 0 0 0 0 0 0 0 0
31 1 0 0 1 0 0 0 0 0 0 0 0 0
32 3 0 0 0 0 0 0 0 0 1 0 0 0
36 3 0 0 0 0 0 0 0 0 1 1 0 0
38 1 0 0 0 0 0 0 0 0 0 0 0 0
39 2 1 1 0 0 0 0 0 0 1 0 0 0
40 4 1 1 1 0 0 0 0 0 1 0 0 0
45 4 0 0 0 0 0 0 0 0 0 0 0 0
47 1 0 0 0 0 0 0 0 0 0 0 0 0
48 2 0 0 0 0 0 0 0 0 1 0 0 0
51 5 1 1 1 0 0 0 0 0 1 0 0 0
53 4 0 0 0 0 0 0 0 0 1 0 0 0
54 2 0 0 0 0 0 0 0 0 0 0 0 0
55 2 0 0 0 0 0 0 0 0 1 0 0 0
57 1 0 0 0 0 0 0 0 0 0 0 0 0
58 4 0 0 0 0 0 0 0 0 1 1 0 0
fl=./elf/../sysdeps/x86_64/dl-cet.c
fn=_dl_cet_check
145 2 0 0 1 0 0 0 0 0 1 0 0 0
157 2 0 0 1 0 0 0 0 0 1 1 0 0
173 1 1 1 0 0 0 0 0 0 0 0 0 0
179 1 0 0 0 0 0 1 0 0 0 0 0 0
275 2 0 0 0 0 0 0 0 0 1 0 0 0
276 1 0 0 0 0 0 1 0 0 0 0 0 0
277 2 0 0 1 0 0 0 0 0 0 0 0 0
282 4 0 0 1 0 0 1 0 0 0 0 0 0
283 3 0 0 0 0 0 1 0 0 0 0 0 0
285 2 0 0 1 0 0 1 0 0 0 0 0 0
293 5 1 1 1 0 0 0 0 0 1 0 0 0
296 1 0 0 0 0 0 1 0 0 0 0 0 0
300 2 0 0 0 0 0 0 0 0 1 0 0 0
301 1 0 0 0 0 0 1 0 0 0 0 0 0
302 2 0 0 0 0 0 0 0 0 0 0 0 0
303 2 1 1 0 0 0 0 0 0 1 0 0 0
304 2 0 0 0 0 0 1 0 0 0 0 0 0
305 2 0 0 0 0 0 0 0 0 0 0 0 0
308 1 0 0 0 0 0 1 0 0 0 0 0 0
310 1 0 0 0 0 0 1 0 0 0 0 0 0
313 2 0 0 0 0 0 0 0 0 1 0 0 0
361 8 1 1 0 0 0 4 0 0 0 0 0 0
363 6 0 0 5 0 0 0 0 0 0 0 0 0
fn=_dl_cet_setup_features
331 1 1 1 0 0 0 0 0 0 0 0 0 0
334 2 0 0 0 0 0 0 0 0 1 0 0 0
350 1 0 0 1 0 0 0 0 0 0 0 0 0
fl=./elf/../sysdeps/x86_64/dl-hwcaps-subdirs.c
fn=_dl_hwcaps_subdirs_active
29 1 1 1 0 0 0 0 0 0 0 0 0 0
38 3 0 0 0 0 0 0 0 0 0 0 0 0
43 1 0 0 0 0 0 0 0 0 0 0 0 0
48 1 0 0 0 0 0 0 0 0 0 0 0 0
52 1 0 0 1 0 0 0 0 0 0 0 0 0
fl=./elf/../sysdeps/x86_64/dl-machine.h
fn=_dl_relocate_object
81 18 0 0 2 0 0 0 0 0 2 2 0 0
267 282 2 2 0 0 0 0 0 0 0 0 0 0
274 282 0 0 0 0 0 0 0 0 141 0 0 0
278 282 0 0 0 0 0 0 0 0 141 0 0 0
287 1539 3 3 597 0 0 0 0 0 325 29 0 0
290 315 1 1 116 0 0 0 0 0 0 0 0 0
291 136 0 0 0 0 0 0 0 0 68 14 0 0
292 524 0 0 0 0 0 0 0 0 131 1 0 0
317 846 1 1 141 3 3 0 0 0 141 0 141 22
320 33 0 0 0 0 0 33 0 0 0 0 0 0
323 33 0 0 0 0 0 0 0 0 0 0 0 0
393 25 1 1 0 0 0 15 0 0 0 0 0 0
400 51 1 1 17 0 0 0 0 0 17 0 0 0
402 68 0 0 17 0 0 0 0 0 17 0 0 0
406 51 1 1 34 3 3 0 0 0 0 0 0 0
415 34 0 0 17 0 0 17 5 5 0 0 0 0
423 250 1 1 126 0 0 124 25 24 0 0 0 0
436 7 0 0 0 0 0 4 0 0 1 0 0 0
476 136 1 1 136 0 0 0 0 0 0 0 0 0
478 68 0 0 0 0 0 68 0 0 0 0 68 68
479 68 0 0 0 0 0 68 3 1 0 0 0 0
498 18 0 0 6 0 0 0 0 0 0 0 0 0
499 6 0 0 0 0 0 6 5 2 0 0 0 0
503 12 0 0 0 0 0 0 0 0 6 0 0 0
504 12 0 0 6 1 1 0 0 0 0 0 0 0
730 10 0 0 0 0 0 0 0 0 5 1 0 0
734 8 1 1 4 0 0 0 0 0 4 0 0 0
fn=_dl_start
55 1 0 0 0 0 0 0 0 0 0 0 0 0
278 9 0 0 0 0 0 0 0 0 3 0 0 0
287 27 0 0 9 3 3 1 0 0 3 0 0 0
290 6 0 0 3 0 0 0 0 0 0 0 0 0
291 12 0 0 0 0 0 0 0 0 3 0 0 0
317 8 0 0 0 0 0 0 0 0 4 3 0 0
323 2 0 0 0 0 0 2 1 1 0 0 0 0
fn=_dl_sysdep_start
220 1 0 0 0 0 0 1 0 0 0 0 0 0
fl=./elf/./dl-find_object.h
fn=_dl_find_object_from_map
95 10 1 1 5 2 0 5 4 3 0 0 0 0
96 10 1 1 5 0 0 5 0 0 0 0 0 0
97 5 0 0 0 0 0 5 0 0 0 0 0 0
103 25 0 0 10 4 0 0 0 0 0 0 0 0
104 145 0 0 0 0 0 0 0 0 50 4 0 0
105 100 1 1 50 43 8 0 0 0 50 19 0 0
107 15 0 0 10 1 0 5 0 0 0 0 0 0
112 5 0 0 5 0 0 0 0 0 0 0 0 0
fl=./elf/./dl-hwcaps.h
fn=_dl_important_hwcaps
43 9 1 1 0 0 0 6 0 0 0 0 0 0
45 7 0 0 0 0 0 6 0 0 0 0 0 0
46 1 0 0 0 0 0 0 0 0 0 0 0 0
77 8 0 0 3 0 0 5 0 0 0 0 0 0
78 8 1 1 3 0 0 5 0 0 0 0 0 0
79 7 2 2 0 0 0 2 0 0 0 0 0 0
fl=./elf/./dl-load.h
fn=_dl_map_object_from_fd
91 24 0 0 12 0 0 0 0 0 12 3 0 0
92 8 1 1 4 0 0 0 0 0 2 0 0 0
93 10 1 1 2 0 0 0 0 0 2 0 0 0
94 8 0 0 2 0 0 0 0 0 0 0 0 0
96 8 0 0 0 0 0 2 0 0 0 0 0 0
fl=./elf/./dl-main.h
fn=dl_main
109 5 1 1 4 0 0 1 0 0 0 0 0 0
fl=./elf/./dl-map-segments.h
fn=_dl_map_object_from_fd
28 9 0 0 3 0 0 0 0 0 3 0 0 0
29 27 1 1 9 0 0 6 1 1 0 0 0 0
81 3 0 0 3 0 0 0 0 0 0 0 0 0
101 3 0 0 0 0 0 3 0 0 0 0 0 0
102 9 0 0 3 0 0 0 0 0 3 0 0 0
105 9 0 0 3 0 0 3 0 0 0 0 0 0
106 6 0 0 0 0 0 3 0 0 0 0 0 0
108 6 1 1 3 0 0 0 0 0 3 2 0 0
125 3 1 1 3 0 0 0 0 0 0 0 0 0
135 72 1 1 12 0 0 0 0 0 12 3 0 0
137 36 0 0 18 0 0 0 0 0 9 0 0 0
139 90 0 0 36 0 0 9 0 0 9 2 0 0
149 48 0 0 24 0 0 0 0 0 12 9 0 0
155 6 1 1 3 0 0 0 0 0 0 0 0 0
156 3 0 0 0 0 0 0 0 0 0 0 0 0
157 9 0 0 3 0 0 0 0 0 0 0 0 0
158 6 0 0 0 0 0 0 0 0 0 0 0 0
160 6 0 0 0 0 0 0 0 0 0 0 0 0
165 6 0 0 0 0 0 0 0 0 3 0 0 0
168 9 0 0 3 0 0 0 0 0 3 0 0 0
176 21 0 0 3 0 0 6 0 0 0 0 0 0
182 6 0 0 0 0 0 0 0 0 3 1 0 0
186 8 2 2 1 0 0 1 0 0 0 0 0 0
189 2 0 0 0 0 0 0 0 0 1 1 0 0
194 12 1 1 0 0 0 0 0 0 0 0 0 0
fl=./elf/./dl-sym-post.h
fn=lookup_malloc_symbol
41 8 0 0 0 0 0 0 0 0 4 0 0 0
53 12 0 0 4 0 0 0 0 0 4 0 0 0
fl=./elf/./dl-tunable-types.h
fn=__GI___tunable_set_val
84 5 0 0 0 0 0 0 0 0 0 0 0 0
fl=./elf/./elf/dl-audit.c
fn=_dl_audit_activity_map
29 7 1 1 0 0 0 5 0 0 0 0 0 0
30 1 0 0 1 0 0 0 0 0 0 0 0 0
31 3 0 0 1 0 0 0 0 0 1 1 0 0
37 6 1 1 6 0 0 0 0 0 0 0 0 0
fn=_dl_audit_activity_nsid
41 3 1 1 0 0 0 0 0 0 0 0 0 0
45 12 0 0 3 0 0 0 0 0 0 0 0 0
46 3 0 0 3 1 1 0 0 0 0 0 0 0
47 15 1 1 3 0 0 0 0 0 6 0 0 0
fn=_dl_audit_objclose
97 5 1 1 0 0 0 0 0 0 0 0 0 0
98 20 0 0 10 0 0 0 0 0 5 0 0 0
fn=_dl_audit_objopen
77 3 1 1 0 0 0 0 0 0 0 0 0 0
78 12 0 0 6 0 0 0 0 0 3 0 0 0
fn=_dl_audit_preinit
118 1 1 1 0 0 0 0 0 0 0 0 0 0
119 4 0 0 2 0 0 0 0 0 1 0 0 0
fl=./elf/./elf/dl-cache.c
fn=_dl_cache_libcmp
357 36 1 1 0 0 0 0 0 0 0 0 0 0
358 202 1 1 18 0 0 0 0 0 92 10 0 0
360 270 0 0 0 0 0 0 0 0 90 2 0 0
362 94 1 1 0 0 0 0 0 0 2 0 0 0
368 8 0 0 0 0 0 0 0 0 0 0 0 0
369 6 0 0 0 0 0 0 0 0 0 0 0 0
370 80 0 0 74 0 0 0 0 0 2 2 0 0
372 80 0 0 74 2 2 0 0 0 2 2 0 0
374 4 0 0 0 0 0 0 0 0 2 2 0 0
380 176 0 0 0 0 0 0 0 0 88 0 0 0
382 176 0 0 0 0 0 0 0 0 88 16 0 0
383 48 1 1 16 0 0 0 0 0 0 0 0 0
386 72 0 0 0 0 0 0 0 0 0 0 0 0
387 72 0 0 0 0 0 0 0 0 0 0 0 0
390 24 0 0 20 16 16 0 0 0 0 0 0 0
fn=_dl_load_cache_lookup
191 32 0 0 0 0 0 0 0 0 0 0 0 0
205 2 0 0 2 0 0 0 0 0 0 0 0 0
208 16 2 2 2 0 0 6 0 0 0 0 0 0
210 20 0 0 6 0 0 6 0 0 0 0 0 0
211 4 1 1 0 0 0 0 0 0 0 0 0 0
213 10 0 0 0 0 0 2 0 0 0 0 0 0
220 38 0 0 2 0 0 0 0 0 16 3 0 0
222 100 1 1 4 0 0 6 0 0 0 0 0 0
223 32 0 0 16 13 13 0 0 0 0 0 0 0
227 48 1 1 16 0 0 0 0 0 16 0 0 0
231 48 0 0 16 0 0 16 0 0 0 0 0 0
232 32 0 0 0 0 0 0 0 0 16 2 0 0
240 8 0 0 0 0 0 0 0 0 4 2 0 0
242 4 0 0 2 0 0 0 0 0 0 0 0 0
245 4 0 0 0 0 0 0 0 0 2 0 0 0
247 12 0 0 0 0 0 2 0 0 0 0 0 0
249 2 0 0 0 0 0 0 0 0 0 0 0 0
259 4 0 0 2 0 0 0 0 0 2 2 0 0
269 6 1 1 4 0 0 0 0 0 2 0 0 0
270 8 0 0 2 0 0 0 0 0 2 0 0 0
286 14 1 1 0 0 0 0 0 0 2 0 0 0
295 4 0 0 2 0 0 0 0 0 2 0 0 0
298 4 0 0 2 0 0 0 0 0 2 0 0 0
301 2 0 0 0 0 0 0 0 0 0 0 0 0
302 6 1 1 2 0 0 0 0 0 2 2 0 0
330 4 0 0 0 0 0 2 0 0 0 0 0 0
346 14 0 0 0 0 0 0 0 0 14 9 0 0
347 9 1 1 0 0 0 0 0 0 0 0 0 0
349 5 0 0 0 0 0 0 0 0 0 0 0 0
403 20 1 1 0 0 0 14 0 0 0 0 0 0
405 4 0 0 2 0 0 0 0 0 2 0 0 0
408 6 1 1 2 0 0 0 0 0 2 2 0 0
411 5 1 1 0 0 0 1 0 0 0 0 0 0
419 5 1 1 1 0 0 0 0 0 2 0 0 0
420 8 1 1 3 1 1 0 0 0 2 1 0 0
423 6 1 1 0 0 0 0 0 0 1 0 0 0
424 1 0 0 1 0 0 0 0 0 0 0 0 0
431 1 1 1 0 0 0 1 0 0 0 0 0 0
432 2 0 0 0 0 0 1 0 0 0 0 0 0
477 3 0 0 1 0 0 0 0 0 1 0 0 0
482 6 0 0 2 0 0 0 0 0 2 0 0 0
485 6 0 0 2 0 0 2 0 0 0 0 0 0
500 4 0 0 2 0 0 0 0 0 2 0 0 0
512 6 0 0 2 0 0 2 0 0 0 0 0 0
513 30 1 1 2 0 0 0 0 0 4 2 0 0
514 8 1 1 2 0 0 2 0 0 0 0 0 0
515 2 0 0 0 0 0 2 0 0 0 0 0 0
516 16 0 0 14 0 0 0 0 0 0 0 0 0
fn=_dl_unload_cache
525 3 1 1 0 0 0 1 0 0 0 0 0 0
526 4 0 0 1 1 0 0 0 0 1 1 0 0
528 2 0 0 1 0 0 1 0 0 0 0 0 0
529 1 0 0 0 0 0 1 0 0 0 0 0 0
533 1 0 0 0 0 0 1 0 0 0 0 0 0
535 2 1 1 2 0 0 0 0 0 0 0 0 0
fl=./elf/./elf/dl-call-libc-early-init.c
fn=_dl_call_libc_early_init
27 7 1 1 0 0 0 3 0 0 0 0 0 0
29 2 0 0 0 0 0 0 0 0 1 0 0 0
33 5 0 0 0 0 0 1 0 0 0 0 0 0
37 2 0 0 0 0 0 0 0 0 1 0 0 0
39 4 1 1 3 0 0 0 0 0 1 0 0 0
40 2 0 0 0 0 0 0 0 0 0 0 1 1
41 3 0 0 3 0 0 0 0 0 0 0 0 0
fl=./elf/./elf/dl-call_fini.c
fn=_dl_call_fini
24 40 1 1 0 0 0 20 0 0 0 0 0 0
28 10 0 0 5 0 0 0 0 0 5 0 0 0
32 5 1 1 5 0 0 0 0 0 0 0 0 0
34 5 0 0 5 5 5 0 0 0 0 0 0 0
35 10 0 0 0 0 0 0 0 0 5 2 0 0
38 6 0 0 6 4 4 0 0 0 0 0 0 0
39 9 0 0 6 2 2 0 0 0 0 0 0 0
42 24 0 0 0 0 0 0 0 0 6 0 0 0
43 3 0 0 3 3 3 3 0 0 0 0 3 3
47 5 1 1 5 5 5 0 0 0 0 0 0 0
48 10 0 0 0 0 0 0 0 0 5 2 0 0
49 9 0 0 6 1 1 0 0 0 0 0 3 3
50 27 0 0 22 0 0 0 0 0 0 0 0 0
fl=./elf/./elf/dl-catch.c
fn=_dl_catch_error
254 12 1 1 0 0 0 4 0 0 0 0 0 0
256 2 0 0 0 0 0 1 0 0 0 0 0 0
257 2 0 0 1 0 0 1 0 0 0 0 0 0
258 2 0 0 1 0 0 1 0 0 0 0 0 0
259 2 0 0 1 0 0 1 0 0 0 0 0 0
261 6 1 1 5 0 0 0 0 0 0 0 0 0
fn=_dl_catch_exception
58 18 0 0 6 1 1 0 0 0 6 5 0 0
59 12 1 1 6 0 0 6 0 0 0 0 0 0
69 12 0 0 6 0 0 0 0 0 6 0 0 0
70 30 0 0 6 0 0 12 0 0 0 0 0 0
204 48 1 1 0 0 0 30 3 3 0 0 0 0
207 12 0 0 0 0 0 0 0 0 6 0 0 0
214 6 0 0 0 0 0 0 0 0 0 0 0 0
228 6 1 1 0 0 0 6 0 0 0 0 0 0
229 12 0 0 0 0 0 6 0 0 0 0 0 0
235 36 1 1 0 0 0 6 1 1 6 0 0 0
237 18 0 0 12 0 0 6 0 0 0 0 6 2
239 24 0 0 6 0 0 12 0 0 0 0 0 0
248 18 0 0 18 0 0 0 0 0 0 0 0 0
fn=_dl_receive_error
58 2 1 1 1 0 0 0 0 0 1 0 0 0
59 1 0 0 1 0 0 0 0 0 0 0 0 0
69 2 0 0 1 0 0 0 0 0 1 0 0 0
70 2 0 0 0 0 0 2 0 0 0 0 0 0
186 7 1 1 0 0 0 3 0 0 0 0 0 0
188 1 0 0 1 0 0 0 0 0 0 0 0 0
192 1 0 0 0 0 0 1 0 0 0 0 0 0
194 1 0 0 0 0 0 1 0 0 0 0 1 1
197 1 0 0 0 0 0 1 0 0 0 0 0 0
198 4 0 0 4 0 0 0 0 0 0 0 0 0
fl=./elf/./elf/dl-debug.c
fn=_dl_debug_initialize
56 3 1 1 0 0 0 0 0 0 0 0 0 0
57 1 1 1 0 0 0 0 0 0 0 0 0 0
59 2 0 0 0 0 0 0 0 0 1 0 0 0
61 2 0 0 0 0 0 0 0 0 0 0 0 0
63 3 0 0 1 1 1 0 0 0 1 0 0 0
64 1 0 0 0 0 0 1 0 0 0 0 0 0
85 3 0 0 1 0 0 0 0 0 1 1 0 0
90 3 1 1 1 1 1 1 0 0 0 0 0 0
91 2 0 0 0 0 0 1 0 0 0 0 0 0
92 1 0 0 0 0 0 1 0 0 0 0 0 0
95 3 0 0 2 0 0 0 0 0 1 1 0 0
96 6 1 1 1 0 0 1 0 0 0 0 0 0
99 2 0 0 0 0 0 0 0 0 1 1 0 0
107 2 0 0 1 0 0 0 0 0 0 0 0 0
fn=_dl_debug_state
116 2 1 1 0 0 0 0 0 0 0 0 0 0
117 2 0 0 2 0 0 0 0 0 0 0 0 0
fn=_dl_debug_update
38 4 0 0 0 0 0 0 0 0 0 0 0 0
40 8 0 0 0 0 0 0 0 0 4 4 0 0
41 4 0 0 0 0 0 0 0 0 0 0 0 0
44 8 2 1 4 1 0 0 0 0 4 0 0 0
48 4 0 0 4 0 0 0 0 0 0 0 0 0
fl=./elf/./elf/dl-deps.c
fn=_dl_map_object_deps
128 3 0 0 0 0 0 2 1 1 0 0 0 0
129 5 1 1 0 0 0 2 0 0 0 0 0 0
130 6 0 0 0 0 0 1 0 0 0 0 0 0
132 3 0 0 0 0 0 1 0 0 0 0 0 0
136 8 1 1 2 0 0 2 0 0 0 0 0 0
143 13 1 1 0 0 0 8 1 1 0 0 0 0
144 20 2 2 1 1 1 0 0 0 2 2 0 0
160 9 1 1 0 0 0 0 0 0 2 0 0 0
161 1 0 0 1 0 0 0 0 0 0 0 0 0
164 1 1 1 0 0 0 1 0 0 0 0 0 0
182 1 0 0 1 0 0 0 0 0 0 0 0 0
183 6 0 0 4 0 0 0 0 0 0 0 0 0
184 1 0 0 0 0 0 1 0 0 0 0 0 0
188 11 0 0 5 0 0 1 0 0 0 0 0 0
190 17 1 1 0 0 0 9 1 1 0 0 0 0
193 5 0 0 0 0 0 5 0 0 0 0 0 0
197 15 1 1 5 0 0 0 0 0 5 5 0 0
198 32 1 1 14 0 0 0 0 0 14 2 0 0
201 12 0 0 3 0 0 0 0 0 3 0 0 0
205 6 0 0 3 0 0 0 0 0 0 0 0 0
208 18 0 0 9 1 1 0 0 0 9 4 0 0
210 12 1 1 9 0 0 0 0 0 3 3 0 0
215 3 1 1 0 0 0 3 0 0 0 0 0 0
216 3 0 0 0 0 0 3 0 0 0 0 0 0
217 6 0 0 3 0 0 3 0 0 0 0 0 0
218 6 0 0 3 0 0 3 0 0 0 0 0 0
219 3 0 0 0 0 0 3 0 0 0 0 0 0
221 389 0 0 104 0 0 0 0 0 95 15 0 0
222 184 0 0 0 0 0 0 0 0 92 8 0 0
228 50 1 1 10 0 0 9 0 0 5 5 0 0
230 5 0 0 0 0 0 5 0 0 0 0 0 0
232 20 1 1 0 0 0 5 0 0 0 0 0 0
233 10 0 0 5 0 0 0 0 0 5 0 0 0
242 5 0 0 5 0 0 0 0 0 0 0 0 0
244 10 1 1 5 0 0 0 0 0 5 2 0 0
249 21 1 1 3 0 0 0 0 0 3 3 0 0
252 3 0 0 0 0 0 3 0 0 0 0 0 0
253 3 0 0 0 0 0 3 0 0 0 0 0 0
254 3 0 0 0 0 0 3 0 0 0 0 0 0
255 6 0 0 3 0 0 3 0 0 0 0 0 0
256 3 0 0 0 0 0 3 0 0 0 0 0 0
257 3 0 0 3 0 0 0 0 0 0 0 0 0
259 12 0 0 3 0 0 3 0 0 0 0 0 0
263 15 0 0 5 0 0 0 0 0 5 2 0 0
264 9 0 0 0 0 0 3 0 0 0 0 0 0
266 261 1 1 0 0 0 0 0 0 87 7 0 0
417 10 1 1 0 0 0 0 0 0 5 2 0 0
419 15 0 0 0 0 0 9 1 1 0 0 0 0
422 6 0 0 0 0 0 0 0 0 0 0 0 0
423 12 1 1 6 0 0 0 0 0 3 0 0 0
429 3 0 0 0 0 0 3 0 0 0 0 0 0
430 15 0 0 0 0 0 6 0 0 0 0 0 0
431 15 0 0 0 0 0 3 0 0 0 0 0 0
434 3 0 0 0 0 0 3 0 0 0 0 0 0
435 6 0 0 6 0 0 0 0 0 0 0 0 0
439 15 1 1 5 0 0 0 0 0 5 5 0 0
441 5 0 0 5 0 0 0 0 0 0 0 0 0
442 22 0 0 4 0 0 0 0 0 9 9 0 0
448 5 1 1 1 0 0 0 0 0 1 0 0 0
449 1 0 0 0 0 0 1 0 0 0 0 0 0
452 4 0 0 1 0 0 1 0 0 1 1 0 0
463 5 1 1 1 0 0 2 0 0 0 0 0 0
465 4 0 0 2 0 0 0 0 0 1 0 0 0
470 5 1 1 2 0 0 1 0 0 0 0 0 0
471 1 0 0 0 0 0 1 0 0 0 0 0 0
472 2 0 0 0 0 0 0 0 0 0 0 0 0
474 19 0 0 5 0 0 0 0 0 6 2 0 0
478 5 1 1 5 0 0 0 0 0 0 0 0 0
483 10 0 0 0 0 0 0 0 0 5 4 0 0
485 15 0 0 0 0 0 5 2 2 0 0 0 0
490 5 0 0 5 0 0 0 0 0 0 0 0 0
494 2 1 1 0 0 0 0 0 0 0 0 0 0
495 3 0 0 1 0 0 0 0 0 1 1 0 0
532 2 1 1 0 0 0 0 0 0 1 0 0 0
533 2 0 0 0 0 0 0 0 0 1 1 0 0
547 9 1 1 2 0 0 3 0 0 0 0 0 0
552 9 1 1 1 0 0 2 0 0 0 0 0 0
553 5 1 1 2 0 0 1 0 0 0 0 0 0
557 1 0 0 0 0 0 1 0 0 0 0 0 0
559 2 0 0 1 0 0 1 0 0 0 0 0 0
560 1 0 0 1 0 0 0 0 0 0 0 0 0
561 3 0 0 1 0 0 0 0 0 1 1 0 0
568 3 1 1 1 0 0 0 0 0 1 1 0 0
571 2 0 0 0 0 0 0 0 0 1 0 0 0
574 8 0 0 7 0 0 0 0 0 0 0 0 0
fn=openaux
61 30 0 0 0 0 0 10 0 0 0 0 0 0
64 55 0 0 20 0 0 10 0 0 0 0 0 0
65 5 0 0 5 0 0 0 0 0 0 0 0 0
68 5 1 1 5 0 0 0 0 0 0 0 0 0
69 15 0 0 15 0 0 0 0 0 0 0 0 0
fl=./elf/./elf/dl-environ.c
fn=_dl_next_ld_env_entry
28 3 1 1 0 0 0 0 0 0 0 0 0 0
29 3 0 0 3 0 0 0 0 0 0 0 0 0
32 100 0 0 34 0 0 0 0 0 33 2 0 0
34 64 0 0 32 0 0 0 0 0 32 18 0 0
35 18 0 0 9 0 0 0 0 0 9 6 0 0
37 2 0 0 0 0 0 0 0 0 0 0 0 0
40 4 0 0 0 0 0 2 0 0 0 0 0 0
42 2 0 0 2 0 0 0 0 0 0 0 0 0
45 30 0 0 0 0 0 0 0 0 0 0 0 0
fl=./elf/./elf/dl-find_object.c
fn=_dl_find_object_init
561 5 1 1 0 0 0 3 0 0 0 0 0 0
564 1 0 0 1 1 0 0 0 0 0 0 0 0
566 2 0 0 1 0 0 0 0 0 1 1 0 0
567 3 1 1 0 0 0 1 0 0 0 0 0 0
579 2 1 1 0 0 0 1 0 0 0 0 0 0
580 3 0 0 1 0 0 1 0 0 0 0 0 0
582 2 0 0 0 0 0 0 0 0 1 0 0 0
585 2 0 0 0 0 0 0 0 0 1 0 0 0
590 1 1 1 0 0 0 1 0 0 0 0 0 0
591 1 0 0 0 0 0 1 0 0 0 0 0 0
594 3 0 0 1 0 0 0 0 0 1 1 0 0
596 2 1 1 0 0 0 1 0 0 0 0 0 0
599 6 1 1 3 0 0 1 0 0 0 0 0 0
601 1 0 0 0 0 0 0 0 0 0 0 0 0
604 4 0 0 4 0 0 0 0 0 0 0 0 0
fn=_dlfo_process_initial
474 8 0 0 0 0 0 4 0 0 0 0 0 0
475 2 0 0 2 0 0 0 0 0 0 0 0 0
477 2 0 0 0 0 0 0 0 0 0 0 0 0
478 4 1 1 2 0 0 0 0 0 2 0 0 0
504 24 1 1 4 1 0 0 0 0 4 0 0 0
505 26 0 0 2 0 0 0 0 0 12 4 0 0
506 10 0 0 10 0 0 0 0 0 0 0 0 0
508 36 1 1 8 0 0 0 0 0 18 2 0 0
511 32 0 0 8 0 0 0 0 0 8 4 0 0
513 24 1 1 8 1 1 0 0 0 8 3 0 0
515 8 0 0 0 0 0 4 0 0 0 0 0 0
516 8 0 0 0 0 0 0 0 0 0 0 0 0
517 16 0 0 0 0 0 0 0 0 0 0 0 0
529 2 0 0 0 0 0 2 0 0 0 0 0 0
531 8 0 0 6 0 0 0 0 0 0 0 0 0
fn=_dlfo_sort_mappings
536 1 1 1 0 0 0 0 0 0 0 0 0 0
537 2 0 0 0 0 0 0 0 0 1 0 0 0
540 16 1 1 3 0 0 0 0 0 3 2 0 0
544 6 0 0 3 0 0 0 0 0 0 0 0 0
545 33 1 1 0 0 0 0 0 0 9 3 0 0
546 30 0 0 6 0 0 0 0 0 6 3 0 0
548 3 0 0 0 0 0 0 0 0 0 0 0 0
549 3 0 0 0 0 0 0 0 0 0 0 0 0
553 12 0 0 6 0 0 0 0 0 0 0 0 0
554 15 0 0 6 0 0 6 0 0 0 0 0 0
555 6 0 0 0 0 0 6 0 0 0 0 0 0
557 1 0 0 1 0 0 0 0 0 0 0 0 0
fl=./elf/./elf/dl-fini.c
fn=_dl_fini
26 11 1 1 0 0 0 7 0 0 0 0 0 0
43 1 0 0 0 0 0 0 0 0 0 0 0 0
46 13 1 1 1 1 1 0 0 0 2 1 0 0
49 2 0 0 1 1 1 1 0 0 0 0 1 1
51 1 1 1 1 1 1 0 0 0 0 0 0 0
54 2 0 0 0 0 0 0 0 0 1 0 0 0
56 5 0 0 2 1 1 0 0 0 1 0 0 0
61 1 0 0 0 0 0 1 0 0 0 0 0 0
63 4 0 0 0 0 0 2 0 0 0 0 0 0
68 18 3 3 2 0 0 0 0 0 2 2 0 0
73 19 0 0 6 2 2 0 0 0 6 5 0 0
75 10 0 0 5 5 5 0 0 0 5 0 0 0
77 10 0 0 0 0 0 0 0 0 5 1 0 0
79 10 0 0 0 0 0 5 0 0 0 0 0 0
80 5 0 0 0 0 0 5 5 5 0 0 0 0
81 5 0 0 0 0 0 0 0 0 0 0 0 0
85 5 1 1 5 4 4 0 0 0 0 0 0 0
87 6 0 0 0 0 0 0 0 0 1 0 0 0
88 6 0 0 0 0 0 0 0 0 1 1 0 0
94 6 1 1 0 0 0 2 0 0 0 0 0 0
103 2 0 0 1 0 0 1 0 0 0 0 1 1
108 31 1 1 11 0 0 0 0 0 6 3 0 0
110 5 0 0 5 0 0 0 0 0 0 0 0 0
112 10 0 0 5 0 0 0 0 0 5 3 0 0
114 20 1 1 0 0 0 15 0 0 0 0 0 0
117 10 0 0 0 0 0 5 0 0 0 0 0 0
122 5 0 0 5 0 0 0 0 0 0 0 0 0
126 5 0 0 1 0 0 1 0 0 0 0 0 0
132 6 0 0 2 0 0 1 0 0 2 1 0 0
134 1 0 0 0 0 0 0 0 0 0 0 0 0
138 2 0 0 1 0 0 0 0 0 1 0 0 0
145 8 0 0 7 0 0 0 0 0 0 0 0 0
fl=./elf/./elf/dl-hwcaps.c
fn=_dl_important_hwcaps
52 16 1 1 0 0 0 4 0 0 4 2 0 0
54 2 0 0 0 0 0 0 0 0 0 0 0 0
55 4 0 0 2 0 0 0 0 0 0 0 0 0
56 2 0 0 0 0 0 0 0 0 0 0 0 0
57 2 0 0 0 0 0 0 0 0 0 0 0 0
77 16 2 2 0 0 0 4 0 0 4 2 0 0
80 16 0 0 4 0 0 6 1 1 0 0 0 0
84 2 0 0 0 0 0 2 0 0 0 0 0 0
86 6 0 0 2 0 0 2 0 0 0 0 0 0
87 2 0 0 0 0 0 0 0 0 0 0 0 0
88 2 0 0 0 0 0 0 0 0 0 0 0 0
100 5 0 0 0 0 0 3 1 1 0 0 0 0
102 3 1 1 1 0 0 0 0 0 1 0 0 0
105 1 0 0 0 0 0 1 0 0 0 0 0 0
108 1 0 0 0 0 0 0 0 0 0 0 0 0
112 5 1 1 0 0 0 2 0 0 1 0 0 0
125 12 0 0 0 0 0 3 0 0 3 2 0 0
127 10 0 0 4 0 0 2 1 1 0 0 0 0
128 4 0 0 2 0 0 2 0 0 0 0 0 0
129 4 0 0 0 0 0 2 0 0 0 0 0 0
130 2 0 0 0 0 0 0 0 0 0 0 0 0
133 3 1 1 1 0 0 0 0 0 1 0 0 0
142 13 0 0 7 0 0 1 0 0 2 0 0 0
143 11 0 0 0 0 0 1 0 0 1 1 0 0
145 8 1 1 1 0 0 5 0 0 0 0 0 0
151 5 1 1 2 0 0 0 0 0 0 0 0 0
155 4 1 1 2 0 0 1 0 0 0 0 0 0
156 3 0 0 1 0 0 0 0 0 1 1 0 0
157 3 0 0 0 0 0 0 0 0 1 0 0 0
161 1 0 0 1 0 0 0 0 0 0 0 0 0
162 2 0 0 1 0 0 1 0 0 0 0 0 0
163 2 0 0 0 0 0 2 0 0 0 0 0 0
172 14 2 2 0 0 0 9 1 1 0 0 0 0
174 2 0 0 0 0 0 2 1 1 0 0 0 0
175 3 0 0 0 0 0 0 0 0 0 0 0 0
185 2 1 1 0 0 0 1 0 0 0 0 0 0
186 3 0 0 0 0 0 0 0 0 0 0 0 0
189 3 0 0 1 0 0 1 1 1 0 0 0 0
193 2 0 0 1 0 0 0 0 0 0 0 0 0
194 2 0 0 0 0 0 0 0 0 1 0 0 0
201 1 0 0 0 0 0 0 0 0 0 0 0 0
202 5 0 0 2 0 0 1 0 0 0 0 0 0
208 2 0 0 1 0 0 1 0 0 0 0 0 0
209 1 0 0 0 0 0 1 0 0 0 0 0 0
213 3 1 1 2 0 0 1 0 0 0 0 0 0
216 9 0 0 7 0 0 0 0 0 0 0 0 0
fl=./elf/./elf/dl-hwcaps_split.c
fn=_dl_hwcaps_split
25 5 1 1 0 0 0 3 0 0 0 0 0 0
26 3 0 0 1 0 0 0 0 0 1 1 0 0
27 1 0 0 0 0 0 0 0 0 0 0 0 0
47 4 1 1 4 0 0 0 0 0 0 0 0 0
fn=_dl_hwcaps_split_masked
26 44 1 1 11 0 0 0 0 0 11 9 0 0
30 24 1 1 12 0 0 12 0 0 0 0 0 0
34 78 1 1 18 1 1 0 0 0 18 6 0 0
35 12 0 0 0 0 0 6 0 0 0 0 0 0
36 24 0 0 0 0 0 0 0 0 12 3 0 0
41 36 0 0 0 0 0 9 0 0 0 0 0 0
42 18 0 0 0 0 0 0 0 0 9 2 0 0
43 12 1 1 0 0 0 3 0 0 0 0 0 0
45 6 0 0 0 0 0 0 0 0 0 0 0 0
51 110 1 1 0 0 0 66 1 1 0 0 0 0
55 5 0 0 0 0 0 0 0 0 0 0 0 0
56 18 0 0 9 0 0 9 0 0 0 0 0 0
57 27 0 0 0 0 0 9 0 0 0 0 0 0
58 24 0 0 6 0 0 0 0 0 9 3 0 0
60 6 0 0 0 0 0 0 0 0 0 0 0 0
62 88 1 1 77 0 0 0 0 0 0 0 0 0
67 12 0 0 0 0 0 0 0 0 6 4 0 0
fl=./elf/./elf/dl-init.c
fn=_dl_init
29 12 1 1 6 0 0 0 0 0 6 1 0 0
35 30 1 1 6 0 0 0 0 0 6 0 0 0
37 31 1 1 1 0 0 2 1 0 6 2 0 0
81 13 1 1 0 0 0 6 0 0 0 0 0 0
82 1 0 0 1 1 0 0 0 0 0 0 0 0
83 1 0 0 1 0 0 0 0 0 0 0 0 0
86 3 0 0 1 0 0 0 0 0 1 1 0 0
89 2 0 0 0 0 0 1 0 0 0 0 0 0
94 4 1 1 0 0 0 0 0 0 1 0 0 0
119 1 0 0 1 0 0 0 0 0 0 0 0 0
120 24 0 0 0 0 0 4 0 0 6 3 0 0
121 10 0 0 10 0 0 0 0 0 0 0 0 0
127 8 0 0 7 0 0 0 0 0 0 0 0 0
fn=call_init.part.0
26 60 2 2 0 0 0 30 0 0 0 0 0 0
43 15 0 0 5 0 0 5 0 0 0 0 0 0
46 15 0 0 10 2 0 0 0 0 5 1 0 0
47 2 1 1 0 0 0 0 0 0 1 1 0 0
51 8 0 0 4 0 0 0 0 0 4 0 0 0
59 12 1 1 4 4 0 0 0 0 4 2 0 0
60 12 0 0 4 1 0 2 0 0 0 0 2 2
63 4 0 0 4 0 0 0 0 0 0 0 0 0
64 8 0 0 0 0 0 0 0 0 4 1 0 0
70 9 0 0 6 3 0 0 0 0 0 0 0 0
72 6 0 0 6 0 0 0 0 0 0 0 0 0
73 31 1 1 0 0 0 0 0 0 7 0 0 0
74 16 0 0 4 0 0 4 0 0 0 0 4 4
76 40 0 0 35 0 0 0 0 0 0 0 0 0
fl=./elf/./elf/dl-load.c
fn=_dl_dst_count
238 45 1 1 0 0 0 30 1 1 0 0 0 0
241 10 0 0 0 0 0 5 0 0 0 0 0 0
244 10 0 0 0 0 0 0 0 0 5 0 0 0
245 5 0 0 0 0 0 0 0 0 0 0 0 0
264 45 1 1 35 0 0 0 0 0 0 0 0 0
fn=_dl_init_paths
706 13 2 2 0 0 0 8 0 0 0 0 0 0
720 4 0 0 0 0 0 2 1 1 0 0 0 0
725 1 0 0 0 0 0 1 0 0 0 0 0 0
727 3 1 1 0 0 0 0 0 0 1 0 0 0
734 3 0 0 0 0 0 0 0 0 0 0 0 0
735 2 0 0 1 0 0 0 0 0 0 0 0 0
739 4 0 0 0 0 0 1 1 1 0 0 0 0
741 4 1 1 2 0 0 0 0 0 1 0 0 0
747 1 0 0 0 0 0 1 0 0 0 0 0 0
748 1 0 0 0 0 0 1 0 0 0 0 0 0
756 8 1 1 0 0 0 4 0 0 0 0 0 0
758 8 0 0 0 0 0 4 2 2 0 0 0 0
759 4 0 0 0 0 0 4 0 0 0 0 0 0
761 5 0 0 0 0 0 4 1 1 0 0 0 0
762 7 0 0 3 1 1 4 1 1 0 0 0 0
763 4 0 0 0 0 0 0 0 0 0 0 0 0
766 13 0 0 3 1 1 0 0 0 3 0 0 0
767 10 1 1 1 0 0 1 0 0 4 3 0 0
768 18 0 0 4 0 0 5 0 0 0 0 0 0
770 32 2 2 6 0 0 5 0 0 4 1 0 0
776 1 0 0 0 0 0 1 0 0 0 0 0 0
777 1 0 0 0 0 0 1 0 0 0 0 0 0
782 1 0 0 1 0 0 0 0 0 0 0 0 0
785 3 0 0 0 0 0 0 0 0 0 0 0 0
787 4 1 1 1 0 0 0 0 0 1 0 0 0
789 3 0 0 1 0 0 0 0 0 1 1 0 0
806 1 0 0 0 0 0 1 0 0 0 0 0 0
808 3 1 1 1 0 0 0 0 0 1 1 0 0
822 2 1 1 0 0 0 1 0 0 0 0 0 0
825 5 1 1 2 0 0 0 0 0 2 1 0 0
827 23 4 4 2 0 0 2 0 0 2 2 0 0
831 2 0 0 0 0 0 0 0 0 0 0 0 0
832 60 1 1 15 0 0 0 0 0 15 10 0 0
833 14 0 0 0 0 0 0 0 0 0 0 0 0
834 28 0 0 0 0 0 0 0 0 0 0 0 0
836 1 0 0 0 0 0 1 0 0 0 0 0 0
837 1 0 0 0 0 0 0 0 0 0 0 0 0
838 2 0 0 0 0 0 0 0 0 1 0 0 0
844 6 0 0 1 0 0 1 0 0 0 0 0 0
847 3 0 0 2 0 0 0 0 0 1 0 0 0
853 1 0 0 0 0 0 1 0 0 0 0 0 0
857 8 0 0 7 0 0 0 0 0 0 0 0 0
fn=_dl_map_object
682 20 3 3 6 0 0 0 0 0 6 6 0 0
696 10 1 1 0 0 0 6 0 0 0 0 0 0
1967 72 2 2 0 0 0 54 6 6 0 0 0 0
1969 3 0 0 0 0 0 3 0 0 0 0 0 0
1975 12 0 0 0 0 0 0 0 0 6 0 0 0
1976 24 0 0 6 1 1 0 0 0 6 0 0 0
1979 111 1 1 21 0 0 12 0 0 21 3 0 0
1984 126 1 1 36 0 0 0 0 0 18 0 0 0
1986 90 0 0 0 0 0 18 2 2 18 3 0 0
1990 30 0 0 15 0 0 0 0 0 15 0 0 0
1991 45 0 0 15 0 0 0 0 0 15 6 0 0
1994 30 0 0 18 0 0 0 0 0 6 2 0 0
1995 18 1 1 6 0 0 0 0 0 0 0 0 0
1996 30 0 0 0 0 0 6 0 0 6 4 0 0
2010 12 1 1 3 0 0 0 0 0 3 0 0 0
2011 9 0 0 3 0 0 3 0 0 0 0 0 0
2019 9 0 0 3 0 0 0 0 0 3 0 0 0
2034 3 0 0 0 0 0 3 0 0 0 0 0 0
2036 15 0 0 0 0 0 3 0 0 3 2 0 0
2040 8 2 2 0 0 0 4 0 0 0 0 0 0
2042 4 0 0 2 0 0 0 0 0 2 0 0 0
2049 8 0 0 2 0 0 0 0 0 4 2 0 0
2053 2 1 1 2 0 0 0 0 0 0 0 0 0
2054 2 0 0 0 0 0 2 0 0 0 0 0 0
2058 6 1 1 2 0 0 0 0 0 2 2 0 0
2059 2 0 0 0 0 0 0 0 0 0 0 0 0
2073 10 2 2 8 0 0 0 0 0 2 0 0 0
2074 14 2 2 4 0 0 0 0 0 4 2 0 0
2075 2 0 0 0 0 0 0 0 0 0 0 0 0
2084 4 1 1 0 0 0 0 0 0 2 2 0 0
2099 4 1 1 2 0 0 0 0 0 2 0 0 0
2100 32 1 1 4 0 0 8 0 0 2 2 0 0
2106 6 1 1 0 0 0 0 0 0 2 2 0 0
2107 2 0 0 0 0 0 0 0 0 0 0 0 0
2115 2 1 1 0 0 0 2 0 0 0 0 0 0
2129 4 0 0 2 0 0 0 0 0 2 0 0 0
2131 6 0 0 2 0 0 0 0 0 2 2 0 0
2135 6 1 1 0 0 0 2 0 0 0 0 0 0
2137 4 0 0 0 0 0 0 0 0 2 0 0 0
2141 4 0 0 0 0 0 0 0 0 2 1 0 0
2149 4 0 0 2 0 0 0 0 0 2 0 0 0
2172 18 1 1 0 0 0 4 0 0 0 0 0 0
2176 6 0 0 2 0 0 0 0 0 2 0 0 0
2177 2 0 0 0 0 0 2 0 0 0 0 0 0
2194 4 0 0 2 0 0 0 0 0 2 2 0 0
2200 1 0 0 0 0 0 1 0 0 0 0 0 0
2201 4 0 0 0 0 0 1 0 0 0 0 0 0
2202 2 1 1 0 0 0 0 0 0 1 0 0 0
2203 2 0 0 0 0 0 0 0 0 1 0 0 0
2207 9 1 1 0 0 0 2 0 0 0 0 0 0
2210 3 0 0 1 0 0 0 0 0 1 0 0 0
2222 12 0 0 3 0 0 0 0 0 0 0 0 0
2267 6 0 0 3 0 0 3 0 0 0 0 0 0
2268 52 1 1 11 0 0 15 0 0 0 0 0 0
2270 57 1 1 45 0 0 0 0 0 0 0 0 0
fn=_dl_map_object_from_fd
944 42 2 2 0 0 0 30 2 2 0 0 0 0
959 12 0 0 3 0 0 3 0 0 3 3 0 0
989 48 1 1 15 0 0 0 0 0 12 6 0 0
990 18 1 1 9 0 0 0 0 0 9 0 0 0
1008 6 1 1 3 0 0 0 0 0 3 3 0 0
1036 12 1 1 3 0 0 3 0 0 3 0 0 0
1046 6 0 0 3 0 0 0 0 0 3 0 0 0
1053 24 1 1 15 0 0 3 0 0 0 0 0 0
1054 6 0 0 0 0 0 0 0 0 3 0 0 0
1065 6 0 0 3 0 0 3 1 1 0 0 0 0
1066 9 0 0 3 0 0 3 0 0 0 0 0 0
1067 6 0 0 3 0 0 3 0 0 0 0 0 0
1069 9 0 0 0 0 0 0 0 0 0 0 0 0
1070 12 1 1 6 0 0 0 0 0 3 1 0 0
1071 4 0 0 0 0 0 2 0 0 0 0 0 0
1074 17 2 2 1 0 0 1 0 0 2 2 0 0
1075 6 0 0 1 0 0 1 1 1 1 1 0 0
1086 3 0 0 0 0 0 3 0 0 0 0 0 0
1088 3 0 0 0 0 0 3 0 0 0 0 0 0
1090 66 2 2 6 0 0 3 0 0 6 3 0 0
1091 3 0 0 0 0 0 0 0 0 0 0 0 0
1092 3 0 0 0 0 0 3 0 0 0 0 0 0
1093 3 0 0 0 0 0 3 0 0 0 0 0 0
1094 3 0 0 0 0 0 0 0 0 0 0 0 0
1100 126 0 0 6 0 0 0 0 0 39 0 0 0
1101 309 3 3 36 14 14 0 0 0 154 38 0 0
1107 6 1 1 3 2 2 0 0 0 3 0 0 0
1114 7 0 0 4 0 0 3 0 0 0 0 0 0
1115 9 0 0 3 0 0 3 0 0 0 0 0 0
1116 30 1 1 6 0 0 3 0 0 0 0 0 0
1121 2 0 0 1 0 0 1 0 0 0 0 0 0
1122 1 0 0 0 0 0 0 0 0 0 0 0 0
1127 93 0 0 39 2 2 3 0 0 12 0 0 0
1135 60 1 1 12 0 0 0 0 0 0 0 0 0
1136 78 1 1 0 0 0 12 2 2 0 0 0 0
1137 60 1 1 12 0 0 12 0 0 0 0 0 0
1138 12 0 0 0 0 0 12 0 0 0 0 0 0
1139 24 0 0 12 1 1 12 2 2 0 0 0 0
1141 84 0 0 12 1 1 0 0 0 0 0 0 0
1143 24 0 0 0 0 0 12 4 4 0 0 0 0
1156 24 0 0 0 0 0 0 0 0 12 3 0 0
1157 45 0 0 18 0 0 9 0 0 0 0 0 0
1162 12 0 0 0 0 0 0 0 0 0 0 0 0
1163 123 0 0 24 0 0 24 1 1 0 0 0 0
1176 3 1 1 1 0 0 0 0 0 1 0 0 0
1180 4 0 0 0 0 0 1 1 1 0 0 0 0
1181 1 0 0 1 0 0 0 0 0 0 0 0 0
1185 5 0 0 0 0 0 1 0 0 0 0 0 0
1186 2 1 1 1 0 0 1 0 0 0 0 0 0
1189 1 0 0 0 0 0 1 0 0 0 0 0 0
1194 4 0 0 1 0 0 0 0 0 1 1 0 0
1209 6 1 1 3 0 0 3 0 0 0 0 0 0
1210 3 0 0 0 0 0 0 0 0 0 0 0 0
1213 9 0 0 6 1 1 3 1 1 0 0 0 0
1218 21 1 1 15 0 0 0 0 0 3 0 0 0
1228 57 1 1 0 0 0 0 0 0 12 7 0 0
1229 24 0 0 0 0 0 12 0 0 0 0 0 0
1235 6 0 0 0 0 0 0 0 0 3 0 0 0
1245 12 0 0 6 0 0 0 0 0 6 0 0 0
1252 21 1 1 9 0 0 3 0 0 0 0 0 0
1264 3 1 1 0 0 0 0 0 0 0 0 0 0
1268 12 1 1 6 0 0 0 0 0 3 0 0 0
1269 9 0 0 3 0 0 3 0 0 0 0 0 0
1275 6 0 0 0 0 0 0 0 0 0 0 0 0
1276 6 1 1 0 0 0 0 0 0 3 3 0 0
1278 6 0 0 0 0 0 0 0 0 3 3 0 0
1288 9 0 0 3 0 0 0 0 0 3 0 0 0
1307 9 0 0 3 0 0 3 0 0 0 0 0 0
1309 18 1 1 6 0 0 0 0 0 3 0 0 0
1361 9 0 0 3 2 2 0 0 0 3 2 0 0
1362 2 0 0 1 0 0 1 0 0 0 0 0 0
1368 102 1 1 9 0 0 0 0 0 39 3 0 0
1369 168 1 1 36 30 30 0 0 0 66 24 0 0
1375 48 0 0 0 0 0 3 0 0 0 0 0 0
1380 12 1 1 3 0 0 3 0 0 3 0 0 0
1393 6 1 1 3 0 0 0 0 0 3 0 0 0
1395 12 0 0 6 0 0 3 0 0 0 0 0 0
1397 6 0 0 3 0 0 0 0 0 3 0 0 0
1413 6 0 0 0 0 0 3 0 0 0 0 0 0
1417 6 0 0 3 0 0 0 0 0 3 0 0 0
1418 6 1 1 3 0 0 0 0 0 3 3 0 0
1435 6 0 0 3 0 0 0 0 0 3 2 0 0
1436 1 0 0 0 0 0 1 0 0 0 0 0 0
1439 6 0 0 3 0 0 3 0 0 0 0 0 0
1444 6 0 0 3 0 0 0 0 0 3 0 0 0
1449 6 0 0 3 0 0 0 0 0 3 0 0 0
1461 24 1 1 9 0 0 0 0 0 3 2 0 0
1462 9 1 1 3 0 0 0 0 0 3 1 0 0
1463 18 1 1 6 0 0 2 0 0 4 3 0 0
1464 6 0 0 2 0 0 0 0 0 0 0 0 0
1465 5 0 0 1 0 0 1 0 0 0 0 0 0
1471 6 0 0 3 0 0 0 0 0 3 2 0 0
1472 4 0 0 1 0 0 0 0 0 1 1 0 0
1477 2 0 0 0 0 0 1 0 0 0 0 0 0
1484 9 1 1 3 0 0 3 0 0 0 0 0 0
1487 6 0 0 3 0 0 0 0 0 3 0 0 0
1491 9 0 0 3 0 0 3 0 0 0 0 0 0
1492 9 0 0 3 0 0 0 0 0 3 3 0 0
1510 6 1 1 0 0 0 0 0 0 3 3 0 0
1514 21 1 1 9 0 0 0 0 0 3 0 0 0
1515 12 1 1 3 0 0 3 0 0 0 0 0 0
1519 27 1 1 21 0 0 0 0 0 0 0 0 0
fn=_dl_process_pt_gnu_property
868 12 1 1 0 0 0 0 0 0 0 0 0 0
869 8 0 0 8 0 0 0 0 0 0 0 0 0
870 4 0 0 4 0 0 0 0 0 0 0 0 0
876 8 0 0 4 0 0 0 0 0 4 0 0 0
882 20 0 0 0 0 0 0 0 0 4 0 0 0
885 12 1 1 4 3 3 0 0 0 4 0 0 0
886 8 0 0 4 1 1 0 0 0 4 0 0 0
887 8 0 0 4 0 0 0 0 0 4 0 0 0
890 12 0 0 4 0 0 0 0 0 4 0 0 0
891 12 1 1 0 0 0 0 0 0 4 0 0 0
895 4 0 0 0 0 0 0 0 0 0 0 0 0
896 8 0 0 0 0 0 0 0 0 0 0 0 0
900 14 1 1 7 0 0 0 0 0 0 0 0 0
901 7 0 0 7 0 0 0 0 0 0 0 0 0
904 14 0 0 0 0 0 0 0 0 7 0 0 0
907 7 0 0 0 0 0 0 0 0 0 0 0 0
908 28 0 0 0 0 0 0 0 0 7 0 0 0
918 12 0 0 0 0 0 0 0 0 0 0 0 0
920 16 0 0 0 0 0 0 0 0 4 1 0 0
fn=expand_dynamic_string_token
241 6 0 0 0 0 0 2 0 0 0 0 0 0
244 4 0 0 0 0 0 0 0 0 2 1 0 0
385 20 1 1 0 0 0 12 0 0 0 0 0 0
399 4 0 0 0 0 0 0 0 0 0 0 0 0
410 14 1 1 12 0 0 0 0 0 0 0 0 0
fn=fillin_rpath.isra.0
468 17 2 2 0 0 0 12 0 0 0 0 0 0
472 1 0 0 0 0 0 0 0 0 0 0 0 0
474 12 1 1 4 0 0 2 0 0 2 1 0 0
481 2 0 0 1 0 0 0 0 0 1 0 0 0
483 6 0 0 1 0 0 2 0 0 0 0 0 0
487 2 0 0 0 0 0 0 0 0 1 0 0 0
492 3 0 0 0 0 0 1 0 0 0 0 0 0
493 2 0 0 0 0 0 0 0 0 1 1 0 0
500 5 1 1 1 0 0 0 0 0 2 2 0 0
505 2 1 1 0 0 0 1 0 0 0 0 0 0
509 15 0 0 5 0 0 0 0 0 5 2 0 0
510 8 1 1 4 0 0 0 0 0 4 4 0 0
528 4 1 1 1 0 0 1 0 0 1 1 0 0
532 4 0 0 2 0 0 0 0 0 0 0 0 0
534 2 1 1 0 0 0 0 0 0 1 0 0 0
538 1 0 0 0 0 0 1 0 0 0 0 0 0
539 2 0 0 1 0 0 0 0 0 0 0 0 0
540 4 0 0 0 0 0 2 0 0 0 0 0 0
541 1 0 0 0 0 0 1 0 0 0 0 0 0
543 2 0 0 1 0 0 0 0 0 1 1 0 0
549 4 0 0 1 0 0 0 0 0 0 0 0 0
550 14 1 1 1 0 0 0 0 0 4 1 0 0
551 4 1 1 0 0 0 3 0 0 0 0 0 0
553 2 0 0 1 0 0 1 0 0 0 0 0 0
554 3 1 1 1 0 0 0 0 0 1 1 0 0
555 1 0 0 0 0 0 1 0 0 0 0 0 0
561 2 0 0 1 0 0 1 0 0 0 0 0 0
562 1 0 0 0 0 0 1 0 0 0 0 0 0
565 3 0 0 0 0 0 1 0 0 0 0 0 0
571 1 0 0 0 0 0 1 0 0 0 0 0 0
574 8 0 0 7 0 0 0 0 0 0 0 0 0
fn=open_path
1812 22 2 2 0 0 0 18 2 2 0 0 0 0
1813 4 0 0 2 0 0 2 1 1 0 0 0 0
1816 2 0 0 0 0 0 2 0 0 0 0 0 0
1817 2 0 0 0 0 0 2 0 0 0 0 0 0
1819 4 0 0 0 0 0 0 0 0 2 0 0 0
1822 4 0 0 0 0 0 0 0 0 0 0 0 0
1824 44 2 2 6 1 1 4 0 0 4 4 0 0
1827 4 0 0 4 0 0 0 0 0 0 0 0 0
1831 2 0 0 0 0 0 0 0 0 0 0 0 0
1835 12 0 0 2 0 0 2 0 0 2 0 0 0
1842 12 1 1 6 0 0 4 1 1 0 0 0 0
1843 44 1 1 12 0 0 4 0 0 10 2 0 0
1846 12 0 0 6 0 0 0 0 0 6 2 0 0
1851 44 1 1 24 0 0 8 0 0 0 0 0 0
1854 8 0 0 0 0 0 0 0 0 0 0 0 0
1860 12 0 0 4 0 0 0 0 0 4 0 0 0
1863 32 1 1 12 0 0 4 0 0 0 0 0 0
1865 12 0 0 4 0 0 0 0 0 4 1 0 0
1867 6 0 0 0 0 0 0 0 0 3 2 0 0
1872 6 1 1 0 0 0 0 0 0 3 0 0 0
1873 21 0 0 9 0 0 0 0 0 3 2 0 0
1879 9 1 1 3 0 0 3 0 0 0 0 0 0
1881 22 0 0 3 0 0 5 0 0 3 2 0 0
1882 2 0 0 1 0 0 0 0 0 0 0 0 0
1884 3 0 0 0 0 0 0 0 0 0 0 0 0
1891 22 3 3 4 0 0 8 0 0 0 0 0 0
1893 7 0 0 2 0 0 0 0 0 1 1 0 0
1937 16 1 1 4 0 0 2 2 2 6 0 0 0
1941 2 0 0 2 0 0 0 0 0 0 0 0 0
1943 8 0 0 6 0 0 0 0 0 2 0 0 0
1946 6 0 0 4 0 0 0 0 0 2 0 0 0
1960 18 1 1 14 0 0 0 0 0 0 0 0 0
fn=open_verify.constprop.0
1572 84 1 1 0 0 0 56 1 1 0 0 0 0
1604 21 0 0 7 0 0 0 0 0 7 0 0 0
1609 8 1 1 0 0 0 0 0 0 0 0 0 0
1623 35 0 0 0 0 0 7 0 0 0 0 0 0
1625 14 1 1 0 0 0 0 0 0 7 2 0 0
1633 3 0 0 0 0 0 3 0 0 0 0 0 0
1634 9 0 0 0 0 0 3 2 2 0 0 0 0
1639 18 0 0 0 0 0 3 0 0 0 0 0 0
1641 6 1 1 0 0 0 0 0 0 3 1 0 0
1643 6 0 0 3 0 0 3 0 0 0 0 0 0
1645 6 0 0 0 0 0 0 0 0 3 0 0 0
1651 6 0 0 0 0 0 0 0 0 3 0 0 0
1668 45 4 4 14 0 0 0 0 0 14 7 0 0
1749 6 0 0 3 0 0 0 0 0 3 1 0 0
1754 6 1 1 3 0 0 0 0 0 3 0 0 0
1760 12 0 0 3 0 0 0 0 0 3 1 0 0
1766 6 0 0 3 1 1 0 0 0 3 0 0 0
1772 12 0 0 3 1 1 0 0 0 0 0 0 0
1773 12 1 1 3 0 0 0 0 0 3 1 0 0
1777 16 3 3 1 0 0 0 0 0 2 2 0 0
1778 5 0 0 0 0 0 1 0 0 1 1 0 0
1799 63 0 0 49 0 0 0 0 0 0 0 0 0
fl=./elf/./elf/dl-lookup-direct.c
fn=_dl_lookup_direct
32 15 0 0 9 0 0 0 0 0 3 3 0 0
33 9 1 1 0 0 0 0 0 0 0 0 0 0
35 6 0 0 3 3 3 0 0 0 0 0 0 0
36 6 0 0 3 0 0 0 0 0 3 0 0 0
48 9 0 0 3 0 0 3 0 0 3 0 0 0
51 6 0 0 6 0 0 0 0 0 0 0 0 0
53 21 1 1 6 0 0 6 0 0 3 0 0 0
57 9 0 0 9 0 0 0 0 0 0 0 0 0
58 21 0 0 9 0 0 0 0 0 3 0 0 0
59 15 0 0 6 0 0 3 0 0 3 0 0 0
74 39 2 2 0 0 0 27 0 0 0 0 0 0
76 6 0 0 3 0 0 0 0 0 3 1 0 0
78 21 0 0 9 0 0 0 0 0 0 0 0 0
79 6 0 0 0 0 0 0 0 0 3 1 0 0
81 12 1 1 3 0 0 3 0 0 0 0 0 0
84 25 0 0 5 2 1 0 0 0 5 2 0 0
86 12 0 0 3 0 0 0 0 0 0 0 0 0
93 6 2 2 0 0 0 0 0 0 2 2 0 0
115 3 0 0 0 0 0 0 0 0 0 0 0 0
116 27 0 0 21 0 0 0 0 0 0 0 0 0
fl=./elf/./elf/dl-lookup.c
fn=_dl_lookup_symbol_x
772 1599 2 2 0 0 0 1107 1 1 0 0 0 0
774 246 0 0 0 0 0 123 1 1 0 0 0 0
775 492 0 0 0 0 0 123 0 0 0 0 0 0
778 123 0 0 123 0 0 0 0 0 0 0 0 0
782 468 0 0 111 0 0 0 0 0 234 11 0 0
785 246 1 1 123 0 0 0 0 0 123 0 0 0
787 246 0 0 246 1 0 0 0 0 0 0 0 0
791 1772 0 0 10 0 0 369 0 0 133 2 0 0
792 2091 2 2 861 0 0 861 2 2 123 2 0 0
797 615 0 0 246 0 0 0 0 0 123 2 0 0
799 60 1 1 10 0 0 0 0 0 20 2 0 0
816 123 0 0 0 0 0 123 0 0 0 0 0 0
817 30 1 1 0 0 0 0 0 0 0 0 0 0
820 246 0 0 123 0 0 0 0 0 0 0 0 0
821 775 0 0 109 0 0 0 0 0 222 88 0 0
828 153 1 1 113 0 0 0 0 0 0 0 0 0
856 452 1 1 113 0 0 0 0 0 113 0 0 0
870 339 0 0 113 1 1 0 0 0 113 1 0 0
871 2 1 1 0 0 0 1 0 0 0 0 0 0
873 226 0 0 113 0 0 0 0 0 113 0 0 0
890 452 0 0 113 0 0 0 0 0 0 0 0 0
892 1107 1 1 861 0 0 0 0 0 0 0 0 0
fn=check_match
70 1740 1 1 232 32 29 696 1 1 0 0 0 0
73 928 1 1 232 10 9 0 0 0 119 5 0 0
78 6 0 0 0 0 0 0 0 0 0 0 0 0
86 565 0 0 0 0 0 0 0 0 113 0 0 0
89 508 0 0 94 0 0 47 0 0 160 18 0 0
93 113 1 1 113 0 0 0 0 0 0 0 0 0
94 226 0 0 0 0 0 0 0 0 113 2 0 0
96 222 0 0 0 0 0 0 0 0 111 0 0 0
115 222 0 0 222 7 7 0 0 0 0 0 0 0
116 888 1 1 333 2 0 0 0 0 111 10 0 0
117 555 2 2 222 0 0 111 0 0 111 6 0 0
144 4 0 0 0 0 0 0 0 0 2 0 0 0
146 12 0 0 4 1 1 0 0 0 2 2 0 0
147 8 0 0 0 0 0 0 0 0 0 0 0 0
161 113 0 0 0 0 0 0 0 0 0 0 0 0
162 928 0 0 812 0 0 0 0 0 0 0 0 0
fn=do_lookup_x
347 1722 2 2 246 0 0 1230 2 2 0 0 0 0
348 123 0 0 123 0 0 0 0 0 0 0 0 0
353 123 0 0 0 0 0 0 0 0 0 0 0 0
354 123 0 0 123 0 0 0 0 0 0 0 0 0
358 1038 1 1 1038 0 0 0 0 0 0 0 0 0
361 1038 0 0 0 0 0 0 0 0 519 0 0 0
365 1284 0 0 123 0 0 0 0 0 519 69 0 0
386 1038 1 1 519 0 0 0 0 0 519 16 0 0
390 1038 0 0 519 0 0 0 0 0 519 12 0 0
396 1557 0 0 519 0 0 0 0 0 519 0 0 0
400 519 0 0 0 0 0 519 0 0 0 0 0 0
401 519 0 0 0 0 0 519 0 0 0 0 0 0
404 2595 0 0 1557 0 0 0 0 0 519 4 0 0
405 1557 1 1 1038 0 0 0 0 0 0 0 0 0
408 519 0 0 519 0 0 0 0 0 0 0 0 0
409 1038 0 0 0 0 0 0 0 0 519 0 0 0
411 519 0 0 519 73 69 0 0 0 0 0 0 0
412 369 0 0 0 0 0 123 0 0 0 0 0 0
413 1038 0 0 1038 0 0 0 0 0 0 0 0 0
415 861 1 1 123 0 0 246 0 0 0 0 0 0
416 2076 0 0 1038 0 0 0 0 0 0 0 0 0
419 3633 0 0 519 0 0 0 0 0 519 131 0 0
422 246 0 0 246 55 54 0 0 0 0 0 0 0
423 369 1 1 123 0 0 0 0 0 0 0 0 0
424 246 0 0 0 0 0 0 0 0 123 4 0 0
426 238 0 0 119 0 0 0 0 0 0 0 0 0
429 1285 1 1 257 79 78 0 0 0 257 102 0 0
431 348 0 0 116 0 0 0 0 0 0 0 0 0
432 2933 2 2 815 0 0 1529 1 1 0 0 0 0
433 232 0 0 0 0 0 0 0 0 0 0 0 0
436 348 0 0 0 0 0 0 0 0 116 6 0 0
439 438 0 0 3 0 0 0 0 0 144 5 0 0
461 904 1 1 678 0 0 0 0 0 0 0 0 0
470 48 2 2 42 0 0 0 0 0 6 4 0 0
476 226 1 1 0 0 0 0 0 0 113 0 0 0
483 856 0 0 113 0 0 0 0 0 315 14 0 0
487 36 1 1 12 0 0 0 0 0 12 3 0 0
499 226 0 0 113 0 0 113 0 0 0 0 0 0
500 113 0 0 0 0 0 113 0 0 0 0 0 0
501 113 0 0 0 0 0 0 0 0 0 0 0 0
518 1218 0 0 0 0 0 0 0 0 406 10 0 0
521 10 0 0 0 0 0 0 0 0 0 0 0 0
522 984 1 1 861 0 0 0 0 0 0 0 0 0
fl=./elf/./elf/dl-minimal-malloc.c
fn=__minimal_calloc
80 50 1 1 0 0 0 0 0 0 0 0 0 0
84 10 0 0 0 0 0 0 0 0 0 0 0 0
87 10 0 0 0 0 0 0 0 0 0 0 0 0
88 30 0 0 0 0 0 0 0 0 10 9 0 0
fn=__minimal_free
97 1 1 1 0 0 0 0 0 0 0 0 0 0
99 4 0 0 2 0 0 0 0 0 1 0 0 0
fn=__minimal_malloc
36 232 2 2 0 0 0 116 1 1 0 0 0 0
37 87 0 0 29 1 1 0 0 0 29 1 0 0
42 3 1 1 0 0 0 1 0 0 0 0 0 0
43 2 1 1 1 0 0 0 0 0 0 0 0 0
44 2 0 0 0 0 0 0 0 0 0 0 0 0
48 115 0 0 28 0 0 29 0 0 0 0 0 0
51 195 0 0 0 0 0 0 0 0 56 3 0 0
56 8 0 0 2 0 0 0 0 0 0 0 0 0
57 8 0 0 0 0 0 0 0 0 2 0 0 0
59 2 1 1 0 0 0 0 0 0 0 0 0 0
60 16 0 0 0 0 0 2 1 1 0 0 0 0
62 4 0 0 0 0 0 0 0 0 2 0 0 0
64 8 0 0 0 0 0 2 0 0 0 0 0 0
65 6 0 0 2 0 0 0 0 0 2 0 0 0
67 6 0 0 0 0 0 2 0 0 0 0 0 0
70 29 1 1 0 0 0 29 0 0 0 0 0 0
71 31 0 0 0 0 0 29 0 0 0 0 0 0
73 174 0 0 145 0 0 0 0 0 0 0 0 0
fl=./elf/./elf/dl-minimal.c
fn=__rtld_malloc_init_real
76 10 1 1 0 0 0 6 0 0 0 0 0 0
86 2 1 1 0 0 0 1 0 0 0 0 0 0
87 1 0 0 0 0 0 1 0 0 0 0 0 0
89 1 0 0 0 0 0 1 0 0 0 0 0 0
91 6 1 1 0 0 0 1 0 0 0 0 0 0
92 5 0 0 0 0 0 1 0 0 0 0 0 0
93 5 0 0 0 0 0 1 0 0 0 0 0 0
94 4 1 1 0 0 0 1 0 0 0 0 0 0
99 1 0 0 0 0 0 1 0 0 0 0 0 0
100 1 0 0 0 0 0 1 0 0 0 0 0 0
101 1 0 0 0 0 0 1 0 0 0 0 0 0
102 1 0 0 0 0 0 1 0 0 0 0 0 0
103 8 0 0 7 0 0 0 0 0 0 0 0 0
fn=__rtld_malloc_init_stubs
42 1 1 1 0 0 0 0 0 0 0 0 0 0
43 2 1 1 0 0 0 1 1 1 0 0 0 0
44 2 0 0 0 0 0 1 0 0 0 0 0 0
45 2 0 0 0 0 0 1 0 0 0 0 0 0
46 2 0 0 0 0 0 1 0 0 0 0 0 0
47 1 0 0 1 0 0 0 0 0 0 0 0 0
fn=lookup_malloc_symbol
61 36 1 1 0 0 0 16 0 0 0 0 0 0
63 4 0 0 0 0 0 4 0 0 0 0 0 0
64 28 0 0 4 0 0 12 0 0 0 0 0 0
68 28 1 1 16 0 0 0 0 0 4 0 0 0
69 28 0 0 12 0 0 0 0 0 4 0 0 0
71 4 0 0 0 0 0 4 0 0 0 0 0 0
72 24 0 0 20 0 0 0 0 0 0 0 0 0
fn=strsep
239 2 1 1 0 0 0 0 0 0 0 0 0 0
242 4 0 0 2 1 1 0 0 0 2 0 0 0
244 2 0 0 2 0 0 0 0 0 0 0 0 0
245 4 0 0 0 0 0 0 0 0 2 1 0 0
247 2 0 0 0 0 0 0 0 0 0 0 0 0
249 47 1 1 15 0 0 0 0 0 15 4 0 0
251 28 0 0 0 0 0 0 0 0 0 0 0 0
254 56 0 0 28 0 0 0 0 0 28 6 0 0
256 84 0 0 28 0 0 0 0 0 28 3 0 0
264 14 0 0 0 0 0 0 0 0 0 0 0 0
267 1 0 0 0 0 0 1 0 0 0 0 0 0
271 4 0 0 2 0 0 0 0 0 0 0 0 0
fl=./elf/./elf/dl-misc.c
fn=_dl_name_match_p
68 273 1 1 0 0 0 117 1 1 0 0 0 0
69 156 0 0 39 0 0 39 1 1 39 0 0 0
70 8 0 0 0 0 0 0 0 0 0 0 0 0
72 39 0 0 39 0 0 0 0 0 0 0 0 0
74 156 0 0 0 0 0 0 0 0 78 28 0 0
75 235 1 1 47 0 0 47 0 0 47 9 0 0
80 39 0 0 39 0 0 0 0 0 0 0 0 0
82 31 0 0 0 0 0 0 0 0 0 0 0 0
83 156 0 0 156 0 0 0 0 0 0 0 0 0
fn=_dl_sysdep_read_whole_file
36 11 1 1 0 0 0 5 0 0 0 0 0 0
39 3 0 0 0 0 0 1 0 0 0 0 0 0
40 2 1 1 0 0 0 0 0 0 1 1 0 0
42 6 0 0 0 0 0 1 0 0 1 0 0 0
44 2 0 0 1 0 0 1 0 0 0 0 0 0
47 2 1 1 0 0 0 0 0 0 1 1 0 0
49 8 0 0 0 0 0 1 0 0 0 0 0 0
60 3 0 0 0 0 0 1 0 0 0 0 0 0
63 8 0 0 6 0 0 0 0 0 0 0 0 0
fl=./elf/./elf/dl-object.c
fn=_dl_add_to_namespace_list
31 36 1 1 0 0 0 16 1 1 0 0 0 0
33 12 0 0 4 0 0 4 0 0 0 0 4 1
35 35 1 1 4 0 0 0 0 0 4 1 0 0
38 36 0 0 9 0 0 0 0 0 9 6 0 0
40 3 0 0 0 0 0 3 0 0 0 0 0 0
42 3 0 0 0 0 0 3 0 0 0 0 0 0
45 2 1 1 0 0 0 1 0 0 0 0 0 0
46 12 0 0 4 0 0 0 0 0 0 0 0 0
47 8 0 0 4 0 0 4 0 0 0 0 0 0
48 8 0 0 0 0 0 4 0 0 0 0 0 0
50 8 0 0 4 0 0 0 0 0 0 0 4 1
51 20 0 0 16 0 0 0 0 0 0 0 0 0
fn=_dl_new_object
59 60 1 1 0 0 0 40 3 3 0 0 0 0
62 8 0 0 0 0 0 0 0 0 4 1 0 0
64 2 1 1 0 0 0 0 0 0 1 1 0 0
66 3 1 1 1 0 0 0 0 0 1 0 0 0
67 2 0 0 0 0 0 0 0 0 1 0 0 0
71 6 0 0 0 0 0 2 0 0 0 0 0 0
77 2 1 1 0 0 0 0 0 0 0 0 0 0
80 6 0 0 3 0 0 0 0 0 0 0 0 0
83 16 1 1 0 0 0 10 1 1 0 0 0 0
87 6 0 0 0 0 0 0 0 0 0 0 0 0
92 3 0 0 0 0 0 0 0 0 0 0 0 0
95 8 0 0 0 0 0 0 0 0 4 0 0 0
98 4 0 0 0 0 0 4 4 4 0 0 0 0
99 4 0 0 0 0 0 4 4 4 0 0 0 0
100 8 0 0 4 0 0 0 0 0 0 0 0 0
103 8 0 0 0 0 0 4 0 0 0 0 0 0
104 28 1 1 12 0 0 12 1 1 0 0 0 0
106 4 1 1 0 0 0 4 0 0 0 0 0 0
119 18 0 0 11 0 0 0 0 0 7 6 0 0
123 3 0 0 0 0 0 0 0 0 0 0 0 0
125 1 0 0 0 0 0 0 0 0 0 0 0 0
127 28 0 0 8 4 4 8 0 0 0 0 0 0
130 8 0 0 4 0 0 0 0 0 4 3 0 0
131 8 1 1 0 0 0 4 4 4 0 0 0 0
132 4 1 1 0 0 0 4 1 1 0 0 0 0
136 4 0 0 0 0 0 4 0 0 0 0 0 0
139 36 0 0 0 0 0 0 0 0 13 10 0 0
141 20 1 1 0 0 0 16 4 4 1 1 0 0
149 8 1 1 0 0 0 4 0 0 0 0 0 0
150 4 0 0 0 0 0 4 4 4 0 0 0 0
153 1 0 0 0 0 0 0 0 0 0 0 0 0
155 24 0 0 4 1 1 0 0 0 4 1 0 0
157 12 0 0 0 0 0 3 1 1 0 0 0 0
160 10 1 1 0 0 0 0 0 0 4 0 0 0
164 12 0 0 3 0 0 0 0 0 3 0 0 0
168 21 1 1 3 0 0 0 0 0 6 3 0 0
176 1 1 1 0 0 0 1 0 0 0 0 0 0
179 8 0 0 0 0 0 4 1 1 0 0 0 0
189 16 0 0 8 0 0 0 0 0 4 1 0 0
191 12 0 0 0 0 0 6 0 0 0 0 0 0
195 9 0 0 0 0 0 0 0 0 3 0 0 0
199 6 0 0 0 0 0 0 0 0 0 0 0 0
200 6 0 0 0 0 0 0 0 0 3 0 0 0
208 3 0 0 0 0 0 0 0 0 0 0 0 0
212 3 1 1 0 0 0 0 0 0 0 0 0 0
245 12 1 0 6 0 0 3 0 0 0 0 0 0
250 106 0 0 0 0 0 0 0 0 0 0 0 0
251 106 0 0 53 0 0 0 0 0 53 17 0 0
255 6 0 0 0 0 0 0 0 0 0 0 0 0
256 3 0 0 0 0 0 3 0 0 0 0 0 0
259 3 0 0 0 0 0 3 1 1 0 0 0 0
263 36 1 1 28 0 0 0 0 0 0 0 0 0
fl=./elf/./elf/dl-reloc.c
fn=_dl_relocate_object
170 836 1 1 209 81 81 0 0 0 209 29 0 0
171 252 1 1 0 0 0 0 0 0 126 2 0 0
174 1317 1 1 126 3 0 0 0 0 245 14 0 0
175 84 2 2 7 0 0 0 0 0 35 2 0 0
177 7 0 0 7 0 0 0 0 0 0 0 0 0
178 28 1 1 7 0 0 7 0 0 0 0 0 0
182 238 0 0 0 0 0 0 0 0 119 0 0 0
183 119 0 0 0 0 0 119 0 0 0 0 0 0
184 119 0 0 0 0 0 119 0 0 0 0 0 0
186 958 2 2 476 0 0 6 0 0 119 61 0 0
187 565 1 1 113 7 0 113 0 0 0 0 0 0
188 226 0 0 0 0 0 0 0 0 113 0 0 0
190 902 2 2 238 0 0 388 0 0 4 0 0 0
193 119 0 0 119 0 0 0 0 0 0 0 0 0
194 833 1 1 357 0 0 119 1 0 0 0 0 0
196 7 1 1 7 0 0 0 0 0 0 0 0 0
207 66 1 1 0 0 0 48 0 0 0 0 0 0
208 12 0 0 6 0 0 0 0 0 6 1 0 0
220 10 0 0 0 0 0 0 0 0 0 0 0 0
221 15 0 0 0 0 0 5 0 0 0 0 0 0
224 20 1 1 0 0 0 5 0 0 0 0 0 0
226 15 0 0 0 0 0 0 0 0 5 0 0 0
228 5 0 0 5 0 0 0 0 0 0 0 0 0
229 15 0 0 5 0 0 0 0 0 5 4 0 0
251 25 2 2 10 0 0 0 0 0 5 4 0 0
252 10 1 1 5 4 0 0 0 0 5 2 0 0
253 3 0 0 0 0 0 0 0 0 0 0 0 0
255 10 0 0 0 0 0 0 0 0 5 0 0 0
262 15 1 1 5 1 0 0 0 0 5 0 0 0
301 10147 8 8 1186 221 201 33 0 0 3510 423 0 0
304 25 0 0 10 0 0 0 0 0 10 0 0 0
328 5 0 0 5 0 0 0 0 0 0 0 0 0
331 10 0 0 0 0 0 0 0 0 5 0 0 0
348 15 0 0 5 4 0 0 0 0 5 5 0 0
350 48 0 0 42 1 0 0 0 0 0 0 0 0
356 30 1 1 15 0 0 0 0 0 0 0 0 0
359 10 0 0 0 0 0 0 0 0 0 0 0 0
363 10 1 1 0 0 0 0 0 0 5 0 0 0
364 30 0 0 0 0 0 5 0 0 5 3 0 0
fl=./elf/./elf/dl-setup_hash.c
fn=_dl_setup_hash
25 10 1 1 0 0 0 0 0 0 0 0 0 0
28 15 1 1 5 0 0 0 0 0 5 0 0 0
31 15 0 0 10 0 0 0 0 0 5 0 0 0
32 10 0 0 5 4 4 5 1 1 0 0 0 0
33 5 0 0 5 0 0 0 0 0 0 0 0 0
34 5 0 0 5 0 0 0 0 0 0 0 0 0
36 15 0 0 0 0 0 0 0 0 5 0 0 0
37 5 0 0 0 0 0 5 0 0 0 0 0 0
38 15 1 1 5 0 0 5 0 0 0 0 0 0
40 5 0 0 0 0 0 5 0 0 0 0 0 0
41 10 0 0 0 0 0 0 0 0 0 0 0 0
43 5 0 0 0 0 0 5 0 0 0 0 0 0
45 15 0 0 0 0 0 5 0 0 0 0 0 0
50 5 0 0 5 0 0 0 0 0 0 0 0 0
fl=./elf/./elf/dl-sort-maps.c
fn=_dl_sort_maps
140 50 0 0 10 0 0 10 0 0 10 0 0 0
181 2 0 0 0 0 0 2 0 0 0 0 0 0
182 4 0 0 2 0 0 0 0 0 0 0 0 0
183 40 0 0 0 0 0 0 0 0 12 8 0 0
184 20 2 2 20 0 0 0 0 0 0 0 0 0
211 34 4 4 2 0 0 0 0 0 4 2 0 0
216 4 0 0 0 0 0 2 0 0 0 0 0 0
218 2 0 0 0 0 0 2 0 0 0 0 0 0
219 10 0 0 0 0 0 0 0 0 0 0 0 0
221 32 2 2 0 0 0 0 0 0 8 0 0 0
223 10 0 0 10 0 0 0 0 0 0 0 0 0
226 30 0 0 10 0 0 0 0 0 10 8 0 0
244 8 2 2 2 0 0 0 0 0 2 2 0 0
263 8 2 2 0 0 0 2 0 0 0 0 0 0
276 8 2 2 2 0 0 0 0 0 4 2 0 0
283 2 2 2 0 0 0 0 0 0 0 0 0 0
298 26 1 1 0 0 0 14 0 0 0 0 0 0
306 6 2 2 2 1 1 0 0 0 2 2 0 0
310 18 4 4 14 0 0 0 0 0 0 0 0 0
fn=_dl_sort_maps_init
289 4 2 2 0 0 0 1 0 0 0 0 0 0
290 4 0 0 0 0 0 1 0 0 0 0 0 0
291 1 0 0 0 0 0 1 0 0 0 0 0 0
292 3 0 0 1 0 0 0 0 0 0 0 0 0
293 2 0 0 2 0 0 0 0 0 0 0 0 0
fn=dfs_traversal.part.0
135 90 2 2 0 0 0 50 0 0 0 0 0 0
140 34 0 0 17 0 0 0 0 0 17 2 0 0
143 10 0 0 10 0 0 0 0 0 0 0 0 0
145 30 0 0 10 4 4 0 0 0 10 3 0 0
147 96 0 0 24 4 4 0 0 0 24 12 0 0
156 35 3 3 5 0 0 0 0 0 15 10 0 0
171 30 0 0 10 0 0 10 0 0 0 0 0 0
172 10 0 0 0 0 0 10 0 0 0 0 0 0
173 60 0 0 60 0 0 0 0 0 0 0 0 0
fl=./elf/./elf/dl-tunables.c
fn=__GI___tunable_set_val
72 50 1 1 5 0 0 0 0 0 10 0 0 0
82 5 0 0 5 0 0 0 0 0 0 0 0 0
93 40 1 1 10 0 0 0 0 0 5 0 0 0
94 25 0 0 10 0 0 0 0 0 5 0 0 0
97 10 0 0 0 0 0 0 0 0 5 2 0 0
100 35 0 0 0 0 0 0 0 0 0 0 0 0
104 10 0 0 0 0 0 0 0 0 5 2 0 0
111 10 0 0 0 0 0 0 0 0 5 0 0 0
112 10 0 0 0 0 0 0 0 0 5 2 0 0
115 25 1 1 0 0 0 5 0 0 0 0 0 0
116 5 0 0 0 0 0 5 0 0 0 0 0 0
117 5 0 0 0 0 0 5 0 0 0 0 0 0
118 5 0 0 0 0 0 5 0 0 0 0 0 0
153 30 1 1 0 0 0 10 0 0 0 0 0 0
157 15 0 0 15 0 0 0 0 0 0 0 0 0
fn=__GI___tunables_init
42 165 1 1 33 0 0 0 0 0 66 1 0 0
45 32 0 0 0 0 0 0 0 0 0 0 0 0
48 2366 0 0 338 17 17 0 0 0 676 47 0 0
52 64 0 0 0 0 0 0 0 0 32 0 0 0
56 128 1 1 0 0 0 0 0 0 0 0 0 0
128 1 0 0 0 0 0 0 0 0 0 0 0 0
261 10 2 2 0 0 0 6 0 0 0 0 0 0
267 4 0 0 1 0 0 0 0 0 1 0 0 0
281 5248 0 0 0 0 0 0 0 0 1312 32 0 0
283 2 0 0 0 0 0 0 0 0 0 0 0 0
287 9504 1 1 2624 41 41 0 0 0 2624 356 0 0
304 8 1 1 7 0 0 0 0 0 0 0 0 0
fn=__tunable_get_val
387 76 1 1 0 0 0 0 0 0 0 0 0 0
390 450 1 1 38 36 31 0 0 0 73 18 0 0
399 50 0 0 35 13 0 15 0 0 0 0 0 0
400 15 0 0 0 0 0 0 0 0 0 0 0 0
409 29 1 1 0 0 0 23 0 0 0 0 0 0
416 228 0 0 38 4 0 0 0 0 38 32 0 0
418 38 0 0 38 0 0 0 0 0 0 0 0 0
fl=./elf/./elf/dl-tunables.h
fn=__GI___tunable_set_val
141 10 0 0 0 0 0 0 0 0 5 3 0 0
142 10 1 1 0 0 0 0 0 0 0 0 0 0
151 5 0 0 0 0 0 0 0 0 0 0 0 0
fn=__GI___tunables_init
160 658 1 1 422 1 1 0 0 0 35 8 0 0
161 1520 0 0 0 0 0 0 0 0 389 40 0 0
fl=./elf/./elf/dl-version.c
fn=_dl_check_all_versions
392 7 1 1 0 0 0 5 0 0 0 0 0 0
394 1 0 0 0 0 0 0 0 0 0 0 0 0
396 20 0 0 5 0 0 0 0 0 6 4 0 0
397 5 0 0 0 0 0 0 0 0 0 0 0 0
398 45 1 1 5 0 0 5 0 0 5 5 0 0
401 7 0 0 6 0 0 0 0 0 0 0 0 0
fn=_dl_check_map_versions
36 72 0 0 10 0 0 0 0 0 21 5 0 0
37 16 0 0 16 0 0 0 0 0 0 0 0 0
38 110 1 1 0 0 0 21 0 0 21 5 0 0
56 48 0 0 36 0 0 0 0 0 12 11 0 0
64 36 0 0 12 0 0 0 0 0 12 0 0 0
70 36 1 1 12 0 0 0 0 0 12 0 0 0
86 12 0 0 12 1 0 0 0 0 0 0 0 0
87 24 0 0 0 0 0 0 0 0 12 0 0 0
89 12 0 0 12 0 0 0 0 0 0 0 0 0
94 432 0 0 186 15 15 36 0 0 186 5 0 0
108 372 0 0 186 6 6 0 0 0 186 12 0 0
110 12 1 1 12 0 0 0 0 0 0 0 0 0
113 96 1 1 36 0 0 24 0 0 12 0 0 0
120 522 1 1 174 8 8 0 0 0 174 0 0 0
124 174 0 0 0 0 0 0 0 0 0 0 0 0
155 50 0 0 0 0 0 30 0 0 0 0 0 0
156 5 0 0 0 0 0 5 0 0 0 0 0 0
164 8 1 1 0 0 0 5 0 0 0 0 0 0
170 15 0 0 5 0 0 0 0 0 5 0 0 0
172 25 1 1 10 0 0 0 0 0 5 0 0 0
174 5 0 0 5 0 0 0 0 0 0 0 0 0
175 5 0 0 5 0 0 0 0 0 0 0 0 0
177 10 0 0 0 0 0 0 0 0 5 2 0 0
180 9 1 1 6 0 0 0 0 0 0 0 0 0
184 24 0 0 3 3 3 15 0 0 3 0 0 0
198 2 0 0 0 0 0 0 0 0 0 0 0 0
200 15 1 1 10 1 1 0 0 0 0 0 0 0
208 15 0 0 5 0 0 0 0 0 5 0 0 0
213 15 0 0 5 1 1 0 0 0 0 0 0 0
215 7 0 0 0 0 0 0 0 0 0 0 0 0
217 48 1 1 24 2 2 12 0 0 0 0 0 0
218 87 1 1 66 0 0 0 0 0 12 8 0 0
221 24 0 0 12 0 0 12 0 0 0 0 0 0
224 36 0 0 24 0 0 0 0 0 12 5 0 0
225 5 0 0 1 0 0 1 0 0 1 0 0 0
228 12 1 1 6 0 0 5 0 0 0 0 0 0
231 48 0 0 12 0 0 0 0 0 0 0 0 0
234 36 0 0 12 0 0 0 0 0 12 6 0 0
239 7 0 0 0 0 0 0 0 0 0 0 0 0
243 15 0 0 5 0 0 0 0 0 5 3 0 0
248 2 0 0 0 0 0 0 0 0 0 0 0 0
257 20 2 2 9 0 0 0 0 0 5 2 0 0
260 6 0 0 6 0 0 0 0 0 0 0 0 0
263 269 0 0 68 5 5 3 0 0 0 0 0 0
266 201 0 0 65 2 2 3 0 0 65 23 0 0
270 62 0 0 0 0 0 0 0 0 0 0 0 0
274 12 1 1 4 0 0 0 0 0 4 1 0 0
279 4 0 0 0 0 0 4 0 0 0 0 0 0
280 16 1 1 4 0 0 4 0 0 0 0 0 0
281 12 0 0 4 0 0 0 0 0 4 0 0 0
291 4 0 0 0 0 0 4 0 0 0 0 0 0
294 22 0 0 13 1 0 4 0 0 4 0 0 0
296 8 0 0 0 0 0 0 0 0 4 1 0 0
299 12 1 1 6 0 0 0 0 0 0 0 0 0
301 2 0 0 0 0 0 0 0 0 0 0 0 0
303 15 0 0 5 0 0 0 0 0 0 0 0 0
306 36 1 1 12 0 0 0 0 0 0 0 0 0
308 48 0 0 0 0 0 0 0 0 12 11 0 0
310 60 0 0 12 0 0 12 0 0 0 0 0 0
311 24 0 0 0 0 0 12 7 7 0 0 0 0
312 36 0 0 12 0 0 12 0 0 0 0 0 0
313 36 0 0 12 0 0 12 0 0 0 0 0 0
316 36 0 0 12 0 0 0 0 0 12 7 0 0
321 7 0 0 0 0 0 0 0 0 0 0 0 0
324 15 0 0 5 0 0 0 0 0 5 3 0 0
329 2 1 1 0 0 0 0 0 0 0 0 0 0
334 8 0 0 0 0 0 0 0 0 4 1 0 0
337 6 0 0 3 0 0 0 0 0 0 0 0 0
341 62 0 0 62 0 0 0 0 0 0 0 0 0
343 130 0 0 65 0 0 0 0 0 65 12 0 0
347 62 0 0 62 0 0 0 0 0 0 0 0 0
348 310 0 0 62 0 0 62 16 16 0 0 0 0
349 186 0 0 62 0 0 62 0 0 0 0 0 0
350 62 0 0 0 0 0 62 8 8 0 0 0 0
353 195 0 0 65 0 0 0 0 0 65 6 0 0
357 62 0 0 0 0 0 0 0 0 0 0 0 0
365 6 0 0 0 0 0 0 0 0 3 1 0 0
366 6 1 1 3 0 0 0 0 0 3 0 0 0
367 6 0 0 3 0 0 0 0 0 3 1 0 0
368 4 0 0 2 0 0 0 0 0 2 1 0 0
370 4 1 1 3 0 0 0 0 0 1 1 0 0
372 124 0 0 32 0 0 0 0 0 31 1 0 0
373 60 1 1 0 0 0 0 0 0 30 3 0 0
375 2 0 0 1 0 0 0 0 0 0 0 0 0
376 7 0 0 0 0 0 1 0 0 1 1 0 0
387 45 1 1 40 0 0 0 0 0 0 0 0 0
fl=./elf/./elf/do-rel.h
fn=_dl_relocate_object
49 30 1 1 10 1 0 0 0 0 0 0 0 0
50 30 0 0 10 0 0 10 0 0 0 0 0 0
51 5 0 0 5 0 0 0 0 0 0 0 0 0
53 50 0 0 20 0 0 0 0 0 0 0 0 0
72 4 0 0 0 0 0 0 0 0 0 0 0 0
73 5 1 1 0 0 0 5 0 0 0 0 0 0
80 30 0 0 10 0 0 0 0 0 10 10 0 0
114 30 1 1 0 0 0 0 0 0 0 0 0 0
123 40 0 0 0 0 0 0 0 0 16 12 0 0
124 12 0 0 6 3 2 0 0 0 0 0 0 0
126 30 1 1 10 5 0 0 0 0 10 2 0 0
129 32 0 0 16 1 0 8 0 0 8 1 0 0
131 852 1 1 223 0 0 0 0 0 211 23 0 0
133 1015 0 0 609 120 116 0 0 0 0 0 0 0
134 812 0 0 203 0 0 203 0 0 0 0 0 0
135 609 0 0 406 1 0 203 0 0 0 0 0 0
136 812 0 0 203 0 0 0 0 0 0 0 0 0
138 609 1 1 0 0 0 0 0 0 203 8 0 0
141 272 0 0 68 0 0 68 0 0 0 0 0 0
142 68 1 1 0 0 0 68 0 0 0 0 0 0
143 68 0 0 0 0 0 0 0 0 0 0 0 0
147 135 0 0 0 0 0 135 0 0 0 0 0 0
150 422 1 1 135 0 0 0 0 0 135 11 0 0
151 99 2 2 33 1 0 0 0 0 33 2 0 0
164 16 1 1 8 0 0 0 0 0 4 1 0 0
165 285 0 0 9 0 0 6 0 0 87 29 0 0
166 252 1 1 84 0 0 0 0 0 84 8 0 0
169 204 0 0 136 0 0 0 0 0 0 0 0 0
171 272 0 0 68 0 0 68 0 0 0 0 0 0
172 68 0 0 68 0 0 0 0 0 0 0 0 0
173 136 0 0 68 0 0 0 0 0 0 0 0 0
180 31 1 1 9 0 0 0 0 0 8 6 0 0
182 42 1 1 12 2 2 6 0 0 0 0 0 0
183 12 0 0 12 0 0 0 0 0 0 0 0 0
185 18 0 0 0 0 0 0 0 0 6 0 0 0
193 6 0 0 0 0 0 6 0 0 0 0 0 0
196 18 0 0 6 0 0 0 0 0 6 0 0 0
211 7 1 1 4 0 0 0 0 0 1 1 0 0
fn=_dl_start
49 6 0 0 2 0 0 0 0 0 0 0 0 0
50 4 0 0 2 0 0 0 0 0 0 0 0 0
51 1 0 0 1 0 0 0 0 0 0 0 0 0
53 10 1 1 4 0 0 0 0 0 0 0 0 0
56 4 0 0 0 0 0 0 0 0 2 2 0 0
61 13 1 1 0 0 0 0 0 0 5 3 0 0
63 9 1 1 3 1 1 0 0 0 0 0 0 0
64 6 0 0 0 0 0 0 0 0 0 0 0 0
65 3 0 0 3 0 0 0 0 0 0 0 0 0
fl=./elf/./elf/get-dynamic-info.h
fn=_dl_map_object_from_fd
39 6 0 0 0 0 0 0 0 0 3 0 0 0
43 3 0 0 0 0 0 0 0 0 0 0 0 0
45 337 0 0 85 23 23 0 0 0 85 6 0 0
49 164 0 0 0 0 0 0 0 0 82 34 0 0
51 46 1 1 0 0 0 0 0 0 23 4 0 0
52 23 0 0 0 0 0 0 0 0 0 0 0 0
53 6 0 0 0 0 0 0 0 0 0 0 0 0
54 71 1 1 0 0 0 0 0 0 17 3 0 0
55 59 0 0 0 0 0 0 0 0 0 0 0 0
56 15 1 1 0 0 0 0 0 0 3 2 0 0
59 12 1 1 0 0 0 0 0 0 3 0 0 0
62 12 0 0 0 0 0 0 0 0 3 0 0 0
64 12 0 0 0 0 0 0 0 0 0 0 0 0
68 82 0 0 0 0 0 82 20 20 0 0 0 0
72 12 0 0 3 0 0 0 0 0 6 0 0 0
84 11 1 1 5 0 0 0 0 0 3 1 0 0
85 12 0 0 6 0 0 0 0 0 3 0 0 0
86 12 0 0 6 0 0 0 0 0 3 0 0 0
87 12 0 0 6 0 0 0 0 0 3 0 0 0
88 11 0 0 5 1 1 0 0 0 3 1 0 0
89 11 1 1 5 1 1 0 0 0 3 1 0 0
90 11 0 0 5 1 1 0 0 0 3 1 0 0
91 12 0 0 6 0 0 0 0 0 3 0 0 0
103 24 1 1 6 0 0 3 0 0 6 0 0 0
110 10 0 0 3 0 0 0 0 0 3 1 0 0
115 4 0 0 2 0 0 0 0 0 2 0 0 0
122 4 0 0 2 0 0 0 0 0 2 0 0 0
123 9 1 1 6 0 0 0 0 0 3 0 0 0
129 9 0 0 3 0 0 0 0 0 3 1 0 0
130 6 0 0 4 0 0 0 0 0 2 0 0 0
147 9 0 0 3 0 0 0 0 0 3 1 0 0
152 4 0 0 2 0 0 2 1 1 0 0 0 0
154 4 0 0 0 0 0 0 0 0 2 2 0 0
156 4 0 0 0 0 0 0 0 0 2 2 0 0
158 4 0 0 0 0 0 0 0 0 2 2 0 0
159 4 0 0 0 0 0 2 0 0 0 0 0 0
162 9 1 1 3 0 0 0 0 0 3 0 0 0
164 9 1 1 3 0 0 3 0 0 0 0 0 0
165 6 0 0 0 0 0 0 0 0 3 0 0 0
174 6 0 0 3 0 0 0 0 0 0 0 0 0
175 9 1 1 0 0 0 0 0 0 3 3 0 0
180 6 0 0 0 0 0 0 0 0 3 2 0 0
181 6 0 0 2 0 0 2 0 0 0 0 0 0
184 6 0 0 3 0 0 0 0 0 3 3 0 0
fl=./elf/./elf/libc_early_init.c
fn=__libc_early_init
33 9 1 1 1 0 0 3 0 0 0 0 0 0
35 1 0 0 0 0 0 1 0 0 0 0 0 0
38 2 0 0 1 1 0 1 1 1 0 0 0 0
41 2 1 1 0 0 0 2 1 1 0 0 0 0
47 4 0 0 2 0 0 0 0 0 1 0 0 0
49 2 0 0 2 0 0 0 0 0 0 0 0 0
fl=./elf/./elf/rtld.c
fn=_dl_start
85 8 0 0 0 0 0 2 1 1 0 0 0 0
458 2 0 0 0 0 0 1 0 0 0 0 0 0
476 3 0 0 0 0 0 1 0 0 0 0 0 0
477 1 0 0 0 0 0 1 0 0 0 0 0 0
478 2 0 0 1 0 0 1 1 1 0 0 0 0
488 1 0 0 0 0 0 1 0 0 0 0 0 0
494 4 2 1 1 0 0 1 0 0 0 0 0 0
496 2 0 0 1 0 0 0 0 0 1 0 0 0
517 16 2 2 0 0 0 8 3 3 0 0 0 0
543 1 0 0 0 0 0 1 1 1 0 0 0 0
546 2 1 1 0 0 0 1 1 1 0 0 0 0
547 4 0 0 1 1 1 0 0 0 0 0 0 0
563 190 5 5 24 5 5 5 0 0 57 24 0 0
565 1 0 0 1 0 0 0 0 0 0 0 0 0
578 1 1 1 0 0 0 1 0 0 0 0 0 0
585 9 1 1 7 1 0 0 0 0 0 0 0 0
fn=dl_main
85 17 2 2 0 0 0 1 0 0 0 0 0 0
92 12 1 1 0 0 0 0 0 0 0 0 0 0
93 2 0 0 0 0 0 1 0 0 0 0 0 0
101 9 0 0 4 0 0 0 0 0 0 0 0 0
197 2 0 0 0 0 0 1 0 0 0 0 0 0
199 1 0 0 0 0 0 1 0 0 0 0 0 0
224 3 0 0 3 0 0 0 0 0 0 0 0 0
225 5 0 0 3 0 0 0 0 0 1 1 0 0
226 4 1 1 0 0 0 0 0 0 2 1 0 0
296 3 1 1 0 0 0 3 0 0 0 0 0 0
302 1 0 0 0 0 0 1 0 0 0 0 0 0
303 1 0 0 0 0 0 1 0 0 0 0 0 0
837 1 0 0 1 0 0 0 0 0 0 0 0 0
839 1 0 0 0 0 0 1 0 0 0 0 0 0
848 1 1 1 0 0 0 1 0 0 0 0 0 0
850 1 0 0 0 0 0 1 0 0 0 0 0 0
855 1 0 0 0 0 0 1 0 0 0 0 0 0
1115 1 0 0 1 0 0 0 0 0 0 0 0 0
1116 1 1 1 1 0 0 0 0 0 0 0 0 0
1118 1 0 0 0 0 0 1 0 0 0 0 0 0
1122 3 0 0 2 1 1 1 1 1 0 0 0 0
1124 1 0 0 1 0 0 0 0 0 0 0 0 0
1125 1 0 0 1 0 0 0 0 0 0 0 0 0
1140 1 0 0 0 0 0 0 0 0 0 0 0 0
1143 46 4 4 0 0 0 0 0 0 14 11 0 0
1144 117 1 1 22 6 6 0 0 0 29 7 9 5
1148 3 1 1 1 0 0 1 0 0 0 0 0 0
1153 3 0 0 2 0 0 1 0 0 0 0 0 0
1154 9 1 1 2 0 0 1 0 0 0 0 0 0
1163 2 0 0 0 0 0 1 0 0 0 0 0 0
1164 2 0 0 2 1 1 0 0 0 0 0 0 0
1166 1 0 0 0 0 0 1 0 0 0 0 0 0
1173 3 1 1 1 0 0 0 0 0 1 0 0 0
1191 2 0 0 0 0 0 1 0 0 0 0 0 0
1199 8 0 0 4 0 0 0 0 0 0 0 0 0
1200 17 0 0 5 1 1 0 0 0 0 0 0 0
1201 8 0 0 4 0 0 0 0 0 4 3 0 0
1202 1 0 0 0 0 0 1 0 0 0 0 0 0
1204 12 0 0 4 0 0 0 0 0 0 0 0 0
1205 14 0 0 0 0 0 0 0 0 7 3 0 0
1209 8 0 0 4 3 3 0 0 0 0 0 0 0
1210 8 0 0 4 0 0 0 0 0 4 0 0 0
1211 4 0 0 0 0 0 4 0 0 0 0 0 0
1215 12 0 0 0 0 0 0 0 0 0 0 0 0
1243 2 1 1 1 0 0 1 1 1 0 0 0 0
1247 3 0 0 2 1 1 1 0 0 0 0 0 0
1253 28 0 0 1 0 0 0 0 0 13 1 0 0
1254 61 0 0 13 0 0 0 0 0 24 13 0 0
1260 17 0 0 0 0 0 1 0 0 0 0 0 0
1266 4 0 0 2 1 1 0 0 0 1 1 0 0
1269 3 1 1 2 0 0 0 0 0 1 1 0 0
1271 3 0 0 1 0 0 0 0 0 1 0 0 0
1346 13 2 2 0 0 0 9 0 0 0 0 0 0
1351 1 0 0 0 0 0 0 0 0 0 0 0 0
1352 1 0 0 0 0 0 1 0 0 0 0 0 0
1357 1 0 0 0 0 0 1 1 1 0 0 0 0
1373 3 0 0 2 0 0 1 0 0 0 0 0 0
1374 4 1 1 2 0 0 0 0 0 1 1 0 0
1637 10 1 1 0 0 0 3 0 0 0 0 0 0
1639 2 0 0 0 0 0 0 0 0 1 0 0 0
1640 3 1 1 0 0 0 1 0 0 0 0 0 0
1641 2 0 0 1 0 0 1 0 0 0 0 0 0
1642 3 0 0 2 0 0 1 0 0 0 0 0 0
1646 2 0 0 0 0 0 1 0 0 0 0 0 0
1647 2 0 0 1 0 0 0 0 0 1 0 0 0
1672 3 1 1 1 0 0 0 0 0 1 0 0 0
1673 5 0 0 1 0 0 1 0 0 1 0 0 0
1674 3 0 0 2 0 0 0 0 0 0 0 0 0
1675 3 0 0 3 0 0 0 0 0 0 0 0 0
1678 1 0 0 0 0 0 1 0 0 0 0 0 0
1680 1 1 1 0 0 0 1 1 1 0 0 0 0
1681 1 0 0 0 0 0 1 0 0 0 0 0 0
1683 2 0 0 1 0 0 0 0 0 1 0 0 0
1684 2 0 0 0 0 0 1 0 0 0 0 0 0
1688 2 0 0 1 0 0 0 0 0 1 0 0 0
1690 2 1 1 0 0 0 0 0 0 1 0 0 0
1698 4 0 0 2 0 0 0 0 0 1 1 0 0
1705 2 1 1 1 0 0 1 0 0 0 0 0 0
1708 2 1 1 1 0 0 0 0 0 1 0 0 0
1733 4 1 1 1 0 0 1 0 0 0 0 0 0
1735 1 0 0 0 0 0 1 0 0 0 0 0 0
1740 2 0 0 1 0 0 0 0 0 1 1 0 0
1743 4 1 1 2 0 0 1 0 0 0 0 0 0
1744 4 0 0 1 0 0 1 0 0 0 0 0 0
1745 3 1 1 2 0 0 1 0 0 0 0 0 0
1746 1 0 0 0 0 0 1 0 0 0 0 0 0
1747 1 0 0 1 0 0 0 0 0 0 0 0 0
1748 1 0 0 1 0 0 0 0 0 0 0 0 0
1759 2 0 0 1 1 1 0 0 0 1 0 0 0
1760 2 0 0 1 0 0 0 0 0 1 0 0 0
1762 2 1 1 1 0 0 0 0 0 0 0 0 0
1764 1 0 0 0 0 0 1 0 0 0 0 0 0
1765 3 0 0 1 0 0 1 0 0 0 0 0 0
1770 5 1 1 0 0 0 0 0 0 1 1 0 0
1771 5 0 0 1 1 1 0 0 0 1 1 0 0
1773 3 2 2 2 1 1 1 1 1 0 0 0 0
1779 2 0 0 1 1 1 0 0 0 1 1 0 0
1788 2 1 1 1 0 0 0 0 0 1 0 0 0
1792 1 0 0 0 0 0 0 0 0 0 0 0 0
1793 2 0 0 1 0 0 0 0 0 1 0 0 0
1817 2 1 1 0 0 0 2 0 0 0 0 0 0
1823 1 0 0 0 0 0 1 0 0 0 0 0 0
1824 1 0 0 0 0 0 1 0 0 0 0 0 0
1825 1 0 0 0 0 0 0 0 0 0 0 0 0
1829 3 0 0 1 0 0 1 0 0 0 0 0 0
1834 3 1 1 2 0 0 0 0 0 1 0 0 0
1836 1 0 0 0 0 0 0 0 0 0 0 0 0
1838 2 0 0 1 0 0 0 0 0 1 1 0 0
1842 5 1 1 2 0 0 1 0 0 0 0 0 0
1847 2 0 0 1 0 0 0 0 0 1 0 0 0
1863 6 1 1 0 0 0 1 0 0 1 0 0 0
1939 4 0 0 2 0 0 0 0 0 1 1 0 0
1943 19 2 2 1 0 0 0 0 0 2 1 0 0
1944 1 0 0 0 0 0 0 0 0 0 0 0 0
1947 3 0 0 0 0 0 1 0 0 0 0 0 0
1948 1 1 1 1 0 0 0 0 0 0 0 0 0
1949 2 0 0 0 0 0 0 0 0 1 0 0 0
1950 2 0 0 0 0 0 0 0 0 1 0 0 0
1955 3 0 0 1 0 0 0 0 0 1 1 0 0
1965 9 1 1 2 0 0 1 0 0 0 0 0 0
1971 23 1 1 1 0 0 0 0 0 6 4 0 0
1972 14 0 0 11 0 0 0 0 0 0 0 0 0
1975 3 0 0 2 0 0 1 0 0 0 0 0 0
1976 2 1 1 0 0 0 0 0 0 1 0 0 0
1977 1 0 0 0 0 0 1 0 0 0 0 0 0
1979 18 0 0 1 0 0 0 0 0 4 0 0 0
1980 8 0 0 4 0 0 0 0 0 4 2 0 0
1984 2 1 1 0 0 0 0 0 0 1 0 0 0
1990 1 1 1 0 0 0 1 0 0 0 0 0 0
1992 3 0 0 1 0 0 1 0 0 0 0 0 0
1993 2 0 0 0 0 0 0 0 0 1 0 0 0
1995 2 0 0 0 0 0 1 0 0 0 0 0 0
1997 3 0 0 0 0 0 0 0 0 1 1 0 0
1999 3 1 1 1 0 0 0 0 0 0 0 0 0
2000 1 0 0 1 0 0 0 0 0 0 0 0 0
2001 2 0 0 0 0 0 0 0 0 1 1 0 0
2013 2 0 0 0 0 0 0 0 0 1 0 0 0
2014 2 0 0 1 0 0 1 0 0 0 0 0 0
2015 3 0 0 1 0 0 0 0 0 1 1 0 0
2026 5 0 0 1 0 0 1 0 0 0 0 0 0
2027 4 0 0 0 0 0 1 0 0 0 0 0 0
2028 5 1 1 0 0 0 1 0 0 0 0 0 0
2038 2 0 0 1 0 0 1 0 0 0 0 0 0
2039 2 0 0 1 0 0 0 0 0 1 1 0 0
2040 4 1 1 0 0 0 2 0 0 0 0 0 0
2042 2 0 0 0 0 0 0 0 0 1 0 0 0
2047 3 0 0 1 0 0 0 0 0 1 0 0 0
2246 3 0 0 1 0 0 1 0 0 0 0 0 0
2250 3 0 0 1 0 0 2 0 0 0 0 0 0
2256 2 1 1 1 0 0 1 0 0 0 0 0 0
2259 2 0 0 1 0 0 0 0 0 1 0 0 0
2267 2 0 0 2 0 0 0 0 0 0 0 0 0
2279 3 1 1 1 0 0 0 0 0 0 0 0 0
2282 3 0 0 1 0 0 1 0 0 0 0 0 0
2284 3 0 0 1 0 0 0 0 0 1 1 0 0
2285 6 0 0 1 0 0 1 0 0 0 0 0 0
2292 2 0 0 2 0 0 0 0 0 0 0 0 0
2293 24 0 0 3 0 0 1 0 0 6 2 0 0
2295 10 1 1 10 1 0 0 0 0 0 0 0 0
2300 10 0 0 10 3 0 0 0 0 0 0 0 0
2302 12 0 0 0 0 0 0 0 0 6 2 0 0
2304 1 1 1 0 0 0 1 0 0 0 0 0 0
2305 1 0 0 1 0 0 0 0 0 0 0 0 0
2308 5 0 0 5 0 0 0 0 0 0 0 0 0
2310 10 0 0 0 0 0 0 0 0 5 1 0 0
2311 32 0 0 8 3 0 4 0 0 0 0 0 0
2315 12 1 1 6 2 0 0 0 0 6 3 0 0
2316 3 0 0 0 0 0 1 0 0 0 0 0 0
2325 2 0 0 1 0 0 0 0 0 1 0 0 0
2329 4 0 0 2 0 0 0 0 0 2 0 0 0
2331 1 0 0 1 0 0 0 0 0 0 0 0 0
2338 4 1 1 1 0 0 1 0 0 0 0 0 0
2341 2 0 0 1 0 0 0 0 0 1 0 0 0
2345 3 1 1 2 1 0 0 0 0 1 0 0 0
2347 2 0 0 1 0 0 0 0 0 1 1 0 0
2357 1 1 1 0 0 0 1 0 0 0 0 0 0
2362 3 0 0 1 0 0 1 0 0 0 0 0 0
2365 1 0 0 0 0 0 1 0 0 0 0 0 0
2371 1 0 0 1 0 0 0 0 0 0 0 0 0
2372 5 1 1 2 0 0 1 0 0 0 0 0 0
2380 3 0 0 1 0 0 1 0 0 0 0 0 0
2387 1 0 0 0 0 0 1 0 0 0 0 0 0
2390 3 0 0 0 0 0 1 0 0 0 0 0 0
2394 3 0 0 0 0 0 1 0 0 0 0 0 0
2395 1 0 0 0 0 0 1 1 0 0 0 0 0
2396 1 0 0 0 0 0 1 0 0 0 0 0 0
2397 1 0 0 0 0 0 0 0 0 0 0 0 0
2401 1 0 0 0 0 0 1 0 0 0 0 0 0
2406 8 0 0 7 2 0 0 0 0 0 0 0 0
2538 1 0 0 1 0 0 0 0 0 0 0 0 0
2598 1 0 0 0 0 0 1 0 0 0 0 0 0
2600 2 0 0 0 0 0 0 0 0 0 0 0 0
2602 15 1 1 0 0 0 3 0 0 3 1 0 0
2604 2 0 0 0 0 0 0 0 0 0 0 0 0
2606 107 0 0 21 0 0 0 0 0 40 10 0 0
2607 19 0 0 0 0 0 0 0 0 0 0 0 0
2615 13 1 1 2 2 2 0 0 0 2 0 2 2
2640 2 1 1 1 0 0 0 0 0 1 0 0 0
2650 4 1 1 2 0 0 0 0 0 2 1 0 0
2652 2 0 0 0 0 0 1 0 0 0 0 0 0
2653 1 0 0 0 0 0 0 0 0 0 0 0 0
2687 5 2 2 2 0 0 0 0 0 2 1 0 0
2689 2 0 0 0 0 0 1 0 0 0 0 0 0
2690 2 0 0 0 0 0 1 0 0 0 0 0 0
2691 1 0 0 0 0 0 0 0 0 0 0 0 0
2727 5 0 0 1 0 0 0 0 0 1 0 0 0
2749 3 0 0 1 0 0 0 0 0 1 0 0 0
fn=handle_preload_list
183 3 0 0 1 0 0 0 0 0 1 0 0 0
806 1 0 0 0 0 0 1 0 0 0 0 0 0
810 2 0 0 0 0 0 1 0 0 0 0 0 0
811 2 0 0 1 0 0 1 0 0 0 0 0 0
812 1 0 0 0 0 0 1 0 0 0 0 0 0
814 1 0 0 1 0 0 0 0 0 0 0 0 0
816 6 1 1 0 0 0 1 0 0 0 0 0 0
817 3 0 0 1 0 0 0 0 0 1 0 0 0
825 3 0 0 1 0 0 0 0 0 0 0 0 0
869 13 2 2 1 1 1 8 1 1 0 0 0 0
870 3 0 0 0 0 0 0 0 0 0 0 0 0
874 5 0 0 2 0 0 0 0 0 2 0 0 0
877 4 1 1 0 0 0 1 1 1 0 0 0 0
878 3 0 0 0 0 0 0 0 0 1 1 0 0
880 4 1 1 0 0 0 1 0 0 0 0 0 0
881 2 0 0 0 0 0 1 0 0 0 0 0 0
887 1 0 0 0 0 0 0 0 0 0 0 0 0
889 2 0 0 1 0 0 0 0 0 0 0 0 0
891 2 1 1 1 0 0 0 0 0 1 0 0 0
892 1 0 0 0 0 0 0 0 0 0 0 0 0
895 9 0 0 7 0 0 0 0 0 0 0 0 0
fn=init_tls
734 4 1 1 0 0 0 3 0 0 0 0 0 0
736 2 0 0 1 0 0 1 0 0 0 0 0 0
740 3 0 0 1 0 0 0 0 0 1 0 0 0
746 2 0 0 0 0 0 1 0 0 0 0 0 0
749 1 0 0 0 0 0 1 0 0 0 0 0 0
750 1 0 0 0 0 0 0 0 0 0 0 0 0
751 1 0 0 0 0 0 0 0 0 0 0 0 0
755 1 0 0 0 0 0 0 0 0 0 0 0 0
757 1 0 0 0 0 0 1 0 0 0 0 0 0
761 2 1 1 1 1 1 0 0 0 1 0 0 0
762 2 0 0 0 0 0 0 0 0 0 0 0 0
763 14 0 0 1 0 0 0 0 0 6 4 0 0
764 5 1 1 5 0 0 0 0 0 0 0 0 0
765 10 1 1 5 0 0 0 0 0 5 4 0 0
769 3 0 0 0 0 0 1 0 0 0 0 0 0
771 1 0 0 0 0 0 0 0 0 0 0 0 0
773 3 0 0 1 0 0 0 0 0 1 0 0 0
776 2 0 0 0 0 0 1 0 0 0 0 0 0
779 1 0 0 0 0 0 1 0 0 0 0 0 0
786 2 1 1 0 0 0 1 0 0 0 0 0 0
787 2 0 0 0 0 0 0 0 0 1 0 0 0
793 2 0 0 1 0 0 1 0 0 0 0 0 0
797 1 0 0 0 0 0 1 0 0 0 0 0 0
800 5 0 0 4 0 0 0 0 0 0 0 0 0
fn=map_doit
641 6 1 1 0 0 0 2 0 0 0 0 0 0
643 4 0 0 1 0 0 0 0 0 0 0 0 0
644 6 0 0 2 0 0 2 0 0 0 0 0 0
646 3 0 0 3 0 0 0 0 0 0 0 0 0
fn=version_check_doit
674 6 2 2 0 0 0 2 0 0 0 0 0 0
676 6 0 0 2 0 0 1 0 0 1 1 0 0
680 3 0 0 3 0 0 0 0 0 0 0 0 0
fl=./elf/./get-dynamic-info.h
fn=_dl_start
45 75 0 0 19 5 5 0 0 0 19 2 0 0
49 36 0 0 0 0 0 0 0 0 18 12 0 0
51 10 0 0 0 0 0 0 0 0 5 0 0 0
52 5 1 1 0 0 0 0 0 0 0 0 0 0
54 20 0 0 0 0 0 0 0 0 5 1 0 0
55 16 0 0 0 0 0 0 0 0 0 0 0 0
56 5 0 0 0 0 0 0 0 0 1 1 0 0
59 4 1 1 0 0 0 0 0 0 1 1 0 0
62 4 1 1 0 0 0 0 0 0 1 0 0 0
64 4 0 0 0 0 0 0 0 0 0 0 0 0
68 18 0 0 0 0 0 18 7 7 0 0 0 0
72 3 0 0 0 0 0 0 0 0 1 0 0 0
84 4 0 0 2 0 0 0 0 0 1 0 0 0
85 3 0 0 1 0 0 0 0 0 1 1 0 0
86 4 1 1 2 0 0 0 0 0 1 0 0 0
87 4 0 0 2 0 0 0 0 0 1 0 0 0
88 5 0 0 2 0 0 0 0 0 1 0 0 0
89 3 1 1 1 0 0 0 0 0 1 1 0 0
90 4 0 0 2 0 0 0 0 0 1 0 0 0
91 4 0 0 2 0 0 0 0 0 1 0 0 0
103 10 2 2 2 0 0 1 0 0 2 1 0 0
110 3 0 0 1 1 1 0 0 0 1 1 0 0
123 3 2 2 2 0 0 0 0 0 1 0 0 0
129 3 0 0 1 0 0 0 0 0 1 0 0 0
130 3 0 0 2 0 0 0 0 0 1 0 0 0
133 2 0 0 1 0 0 0 0 0 1 0 0 0
134 3 0 0 1 0 0 0 0 0 1 0 0 0
139 5 1 1 2 0 0 0 0 0 2 0 0 0
142 5 0 0 2 0 0 0 0 0 2 0 0 0
fn=dl_main
39 4 0 0 2 0 0 0 0 0 1 0 0 0
43 1 0 0 0 0 0 0 0 0 0 0 0 0
45 111 0 0 28 7 7 0 0 0 28 2 0 0
49 54 1 1 0 0 0 0 0 0 27 9 0 0
51 12 0 0 0 0 0 0 0 0 6 0 0 0
52 6 0 0 0 0 0 0 0 0 0 0 0 0
54 25 0 0 0 0 0 0 0 0 6 1 0 0
55 21 0 0 0 0 0 0 0 0 0 0 0 0
56 5 1 1 0 0 0 0 0 0 1 0 0 0
59 4 0 0 0 0 0 0 0 0 1 1 0 0
62 4 1 1 0 0 0 0 0 0 1 0 0 0
64 4 0 0 0 0 0 0 0 0 0 0 0 0
68 27 0 0 0 0 0 27 8 8 0 0 0 0
72 7 1 1 4 0 0 0 0 0 2 1 0 0
84 3 0 0 1 0 0 0 0 0 1 1 0 0
85 5 1 1 3 0 0 0 0 0 1 0 0 0
86 5 0 0 3 0 0 0 0 0 1 0 0 0
87 5 0 0 3 0 0 0 0 0 1 0 0 0
88 4 0 0 2 0 0 0 0 0 1 1 0 0
89 5 1 1 3 0 0 0 0 0 1 0 0 0
90 5 0 0 3 0 0 0 0 0 1 0 0 0
91 5 1 1 3 0 0 0 0 0 1 0 0 0
103 9 0 0 3 0 0 1 0 0 2 0 0 0
110 3 0 0 1 0 0 0 0 0 1 1 0 0
115 2 1 1 1 0 0 0 0 0 1 0 0 0
122 3 0 0 2 0 0 0 0 0 1 0 0 0
123 4 1 1 3 0 0 0 0 0 1 0 0 0
129 3 0 0 1 0 0 0 0 0 1 1 0 0
147 4 0 0 2 0 0 0 0 0 1 0 0 0
152 2 1 1 1 0 0 1 1 1 0 0 0 0
154 2 0 0 0 0 0 0 0 0 1 1 0 0
156 2 0 0 0 0 0 0 0 0 1 1 0 0
158 2 0 0 0 0 0 0 0 0 1 0 0 0
159 2 0 0 1 0 0 1 0 0 0 0 0 0
162 4 1 1 2 0 0 0 0 0 1 0 0 0
164 3 0 0 1 0 0 1 0 0 0 0 0 0
165 2 0 0 0 0 0 0 0 0 1 1 0 0
174 2 0 0 1 0 0 0 0 0 0 0 0 0
175 3 1 1 0 0 0 0 0 0 1 1 0 0
180 2 0 0 0 0 0 0 0 0 1 0 0 0
181 3 1 1 2 0 0 1 0 0 0 0 0 0
184 3 0 0 2 0 0 0 0 0 1 1 0 0
fl=./elf/./setup-vdso.h
fn=dl_main
24 2 0 0 1 0 0 0 0 0 1 1 0 0
fl=./io/../sysdeps/unix/sysv/linux/access.c
fn=access
25 1 0 0 0 0 0 0 0 0 0 0 0 0
27 7 0 0 0 0 0 1 0 0 1 1 0 0
31 1 0 0 1 0 0 0 0 0 0 0 0 0
fl=./io/../sysdeps/unix/sysv/linux/close_nocancel.c
fn=__GI___close_nocancel
25 4 1 1 0 0 0 0 0 0 0 0 0 0
26 16 0 0 0 0 0 0 0 0 4 0 0 0
27 4 0 0 4 0 0 0 0 0 0 0 0 0
fl=./io/../sysdeps/unix/sysv/linux/fstat64.c
fn=fstat
30 5 2 2 0 0 0 0 0 0 0 0 0 0
39 20 1 1 0 0 0 0 0 0 5 0 0 0
72 5 0 0 5 0 0 0 0 0 0 0 0 0
fl=./io/../sysdeps/unix/sysv/linux/fstatat64.c
fn=fstatat
91 6 0 0 0 0 0 0 0 0 0 0 0 0
146 6 0 0 0 0 0 0 0 0 0 0 0 0
160 4 1 1 0 0 0 2 0 0 0 0 0 0
161 11 0 0 2 0 0 0 0 0 3 3 0 0
162 1 0 0 1 0 0 0 0 0 0 0 0 0
fl=./io/../sysdeps/unix/sysv/linux/open64_nocancel.c
fn=__open_nocancel
28 32 1 1 0 0 0 16 2 2 0 0 0 0
31 56 0 0 0 0 0 0 0 0 16 0 0 0
39 68 1 1 0 0 0 4 0 0 8 4 0 0
41 16 0 0 16 0 0 0 0 0 0 0 0 0
fl=./io/../sysdeps/unix/sysv/linux/pread64_nocancel.c
fn=__pread64_nocancel
25 4 0 0 0 0 0 0 0 0 0 0 0 0
26 8 0 0 0 0 0 0 0 0 2 0 0 0
27 2 0 0 2 0 0 0 0 0 0 0 0 0
fl=./io/../sysdeps/unix/sysv/linux/read_nocancel.c
fn=__read_nocancel
25 3 1 1 0 0 0 0 0 0 0 0 0 0
26 12 0 0 0 0 0 0 0 0 3 0 0 0
27 3 0 0 3 0 0 0 0 0 0 0 0 0
fl=./io/../sysdeps/unix/sysv/linux/stat64.c
fn=stat
28 6 0 0 0 0 0 0 0 0 0 0 0 0
29 12 0 0 0 0 0 0 0 0 0 0 0 0
fl=./io/../sysdeps/unix/sysv/linux/write.c
fn=write
25 2 1 1 0 0 0 0 0 0 0 0 0 0
26 12 1 1 2 0 0 0 0 0 4 0 0 0
27 2 0 0 2 0 0 0 0 0 0 0 0 0
fl=./libio/../include/sys/sysmacros.h
fn=_IO_file_doallocate
47 6 1 1 0 0 0 0 0 0 0 0 0 0
fl=./libio/./libio/filedoalloc.c
fn=_IO_file_doallocate
78 11 1 1 1 0 0 5 1 1 0 0 0 0
84 9 0 0 3 1 1 1 1 1 2 0 1 1
86 4 0 0 1 1 1 0 0 0 1 1 0 0
89 2 0 0 0 0 0 0 0 0 1 0 0 0
91 2 1 1 1 0 0 0 0 0 0 0 0 0
94 2 0 0 1 0 0 0 0 0 0 0 0 0
97 4 1 1 1 0 0 0 0 0 1 0 0 0
101 3 0 0 0 0 0 1 0 0 0 0 0 0
102 2 0 0 0 0 0 0 0 0 1 0 0 0
104 4 0 0 0 0 0 1 0 0 0 0 0 0
105 1 0 0 0 0 0 0 0 0 0 0 0 0
106 9 0 0 7 0 0 0 0 0 1 0 0 0
fl=./libio/./libio/fileops.c
fn=_IO_do_write@@GLIBC_2.2.5
424 25 2 2 0 0 0 12 1 1 0 0 0 0
426 17 0 0 0 0 0 0 0 0 3 2 0 0
427 17 0 0 15 0 0 0 0 0 0 0 0 0
434 4 0 0 2 0 0 0 0 0 2 0 0 0
441 8 0 0 4 0 0 0 0 0 2 2 0 0
444 2 0 0 2 0 0 0 0 0 0 0 0 0
449 10 0 0 2 0 0 2 0 0 0 0 2 1
450 10 0 0 2 0 0 0 0 0 2 0 0 0
452 6 1 1 2 0 0 4 0 0 0 0 0 0
453 4 0 0 0 0 0 2 0 0 0 0 0 0
454 2 0 0 0 0 0 2 0 0 0 0 0 0
455 4 1 1 2 0 0 0 0 0 2 2 0 0
456 8 0 0 2 0 0 0 0 0 2 2 0 0
fn=_IO_file_overflow@@GLIBC_2.2.5
732 440 1 1 0 0 0 220 0 0 0 0 0 0
733 220 0 0 55 0 0 0 0 0 55 0 0 0
740 273 1 1 55 0 0 0 0 0 109 1 0 0
743 2 1 1 0 0 0 0 0 0 1 1 0 0
745 2 1 1 0 0 0 1 1 1 0 0 0 0
746 6 1 1 1 0 0 2 0 0 0 0 0 0
755 3 0 0 1 0 0 0 0 0 1 0 0 0
764 3 0 0 1 0 0 0 0 0 1 0 0 0
765 1 0 0 0 0 0 0 0 0 0 0 0 0
766 1 0 0 0 0 0 1 0 0 0 0 0 0
767 1 0 0 0 0 0 1 0 0 0 0 0 0
768 1 0 0 0 0 0 1 0 0 0 0 0 0
769 3 0 0 1 0 0 2 0 0 0 0 0 0
771 3 1 1 0 0 0 1 0 0 0 0 0 0
772 5 1 1 1 0 0 0 0 0 1 0 0 0
773 2 0 0 0 0 0 1 0 0 0 0 0 0
775 110 0 0 0 0 0 0 0 0 55 1 0 0
776 4 0 0 0 0 0 0 0 0 0 0 0 0
777 56 0 0 54 0 0 0 0 0 0 0 0 0
778 106 0 0 53 0 0 0 0 0 53 2 0 0
781 159 0 0 0 0 0 106 1 1 0 0 0 0
782 159 0 0 53 0 0 0 0 0 53 0 0 0
783 212 0 0 0 0 0 0 0 0 53 1 0 0
784 4 0 0 0 0 0 1 0 0 1 1 0 0
785 3 0 0 2 0 0 0 0 0 0 0 0 0
787 53 0 0 0 0 0 0 0 0 0 0 0 0
788 328 0 0 273 0 0 0 0 0 0 0 0 0
fn=_IO_file_setbuf@@GLIBC_2.2.5
382 6 1 1 0 0 0 2 0 0 0 0 0 0
383 3 0 0 0 0 0 1 0 0 1 0 0 0
386 1 0 0 1 0 0 0 0 0 0 0 0 0
388 3 0 0 0 0 0 3 0 0 0 0 0 0
390 2 1 1 0 0 0 0 0 0 0 0 0 0
391 3 0 0 3 0 0 0 0 0 0 0 0 0
fn=_IO_file_stat
1147 1 1 1 0 0 0 0 0 0 0 0 0 0
1148 2 0 0 1 0 0 0 0 0 0 0 0 0
fn=_IO_file_sync@@GLIBC_2.2.5
793 7 2 2 0 0 0 3 0 0 0 0 0 0
798 4 0 0 2 0 0 0 0 0 1 1 0 0
800 1 0 0 1 0 0 0 0 0 0 0 0 0
801 2 1 1 1 0 0 0 0 0 1 1 0 0
812 2 1 1 0 0 0 1 0 0 0 0 0 0
816 5 0 0 4 0 0 0 0 0 0 0 0 0
fn=_IO_file_write@@GLIBC_2.2.5
1174 16 1 1 0 0 0 10 0 0 0 0 0 0
1175 4 0 0 0 0 0 0 0 0 0 0 0 0
1176 12 1 1 0 0 0 0 0 0 4 2 0 0
1180 6 0 0 2 0 0 0 0 0 0 0 0 0
1181 6 0 0 2 0 0 2 0 0 2 2 0 0
1182 4 0 0 0 0 0 0 0 0 2 0 0 0
1187 2 0 0 0 0 0 0 0 0 0 0 0 0
1188 2 0 0 0 0 0 0 0 0 0 0 0 0
1190 6 1 1 0 0 0 0 0 0 0 0 0 0
1191 6 0 0 2 1 1 0 0 0 2 2 0 0
1194 12 0 0 12 0 0 0 0 0 0 0 0 0
fn=_IO_file_xsputn@@GLIBC_2.2.5
444 2 1 1 0 0 0 0 0 0 0 0 0 0
446 2 0 0 0 0 0 0 0 0 0 0 0 0
1198 18 1 1 0 0 0 12 0 0 0 0 0 0
1200 1 1 1 0 0 0 0 0 0 0 0 0 0
1204 8 0 0 0 0 0 0 0 0 2 0 0 0
1205 2 0 0 0 0 0 0 0 0 0 0 0 0
1211 8 0 0 2 0 0 0 0 0 2 1 0 0
1213 6 0 0 3 0 0 0 0 0 0 0 0 0
1214 2 0 0 0 0 0 0 0 0 1 1 0 0
1217 3 0 0 0 0 0 0 0 0 1 1 0 0
1219 3 0 0 1 0 0 0 0 0 1 1 0 0
1221 1 1 1 0 0 0 0 0 0 0 0 0 0
1228 3 0 0 1 0 0 0 0 0 1 1 0 0
1232 3 0 0 0 0 0 0 0 0 1 1 0 0
1234 2 0 0 0 0 0 0 0 0 0 0 0 0
1236 5 0 0 0 0 0 3 0 0 0 0 0 0
1237 1 0 0 0 0 0 0 0 0 0 0 0 0
1238 3 0 0 1 0 0 0 0 0 0 0 0 0
1240 2 0 0 0 0 0 0 0 0 1 1 0 0
1244 12 0 0 4 0 0 2 1 1 2 0 2 1
1250 4 0 0 4 0 0 0 0 0 0 0 0 0
1251 10 0 0 0 0 0 0 0 0 2 0 0 0
1253 6 0 0 0 0 0 0 0 0 2 0 0 0
1264 4 0 0 0 0 0 0 0 0 2 1 0 0
1265 4 1 1 0 0 0 1 0 0 0 0 0 0
1267 3 0 0 0 0 0 0 0 0 0 0 0 0
1268 18 1 1 14 0 0 0 0 0 0 0 0 0
fl=./libio/./libio/genops.c
fn=_IO_cleanup
776 6 1 1 0 0 0 3 0 0 0 0 0 0
777 10 1 1 5 0 0 2 0 0 1 0 0 0
780 13 1 1 4 0 0 0 0 0 4 3 0 0
784 3 0 0 0 0 0 3 0 0 0 0 0 0
785 36 2 2 15 0 0 6 0 0 6 3 0 0
792 7 0 0 0 0 0 0 0 0 3 2 0 0
794 6 1 1 2 0 0 0 0 0 2 1 0 0
796 4 0 0 1 0 0 0 0 0 1 1 0 0
798 2 0 0 0 0 0 1 0 0 0 0 0 0
800 3 1 1 2 0 0 1 0 0 0 0 0 0
801 1 0 0 0 0 0 1 0 0 0 0 0 0
805 5 0 0 2 0 0 1 0 0 0 0 1 1
807 3 0 0 1 0 0 0 0 0 1 0 0 0
814 3 1 1 0 0 0 3 0 0 0 0 0 0
816 30 1 1 7 0 0 6 0 0 8 2 0 0
817 3 1 1 0 0 0 3 0 0 0 0 0 0
821 7 1 1 2 0 0 2 0 0 2 0 0 0
822 2 0 0 0 0 0 1 0 0 0 0 0 0
842 12 1 1 1 0 0 7 0 0 0 0 0 0
843 2 0 0 0 0 0 1 0 0 0 0 0 0
855 12 0 0 9 0 0 0 0 0 1 0 0 0
fn=_IO_default_setbuf
330 5 0 0 1 0 0 0 0 0 1 1 0 0
332 1 0 0 0 0 0 1 0 0 0 0 0 0
333 1 0 0 0 0 0 1 0 0 0 0 0 0
337 2 0 0 0 0 0 1 0 0 0 0 0 0
452 10 1 1 0 0 0 5 0 0 0 0 0 0
453 5 1 1 2 0 0 1 0 0 1 0 1 1
455 4 0 0 0 0 0 0 0 0 1 1 0 0
457 3 1 1 1 0 0 1 0 0 0 0 0 0
458 2 0 0 0 0 0 0 0 0 0 0 0 0
462 1 0 0 0 0 0 0 0 0 0 0 0 0
466 4 0 0 0 0 0 3 0 0 0 0 0 0
467 1 0 0 0 0 0 0 0 0 0 0 0 0
468 6 0 0 6 0 0 0 0 0 0 0 0 0
fn=_IO_default_xsputn
371 11 1 1 0 0 0 7 0 0 0 0 0 0
373 2 0 0 0 0 0 0 0 0 0 0 0 0
374 4 1 1 0 0 0 0 0 0 1 0 0 0
375 1 1 1 1 0 0 0 0 0 0 0 0 0
379 216 1 1 108 0 0 0 0 0 54 2 0 0
399 532 0 0 159 0 0 53 0 0 107 1 53 1
401 53 0 0 0 0 0 0 0 0 0 0 0 0
404 8 0 0 7 0 0 0 0 0 0 0 0 0
fn=_IO_doallocbuf
343 8 2 2 0 0 0 4 0 0 0 0 0 0
344 2 0 0 1 0 0 0 0 0 1 1 0 0
346 3 0 0 1 0 0 0 0 0 1 1 0 0
347 5 1 1 2 1 1 1 0 0 1 1 1 1
350 6 0 0 5 0 0 0 0 0 0 0 0 0
fn=_IO_flush_all
686 12 2 2 1 0 0 7 0 0 0 0 0 0
687 3 1 1 0 0 0 0 0 0 0 0 0 0
691 6 0 0 0 0 0 3 0 0 0 0 0 0
692 9 2 2 4 1 1 2 0 0 1 1 0 0
695 12 0 0 4 1 1 0 0 0 4 2 0 0
697 3 1 1 0 0 0 3 0 0 0 0 0 0
698 36 2 2 15 4 4 6 0 0 6 3 0 0
700 21 1 1 9 4 4 0 0 0 6 0 0 0
708 33 1 1 12 0 0 6 0 0 9 0 0 0
709 3 0 0 0 0 0 3 0 0 0 0 0 0
713 7 1 1 2 0 0 2 0 0 2 0 0 0
714 2 0 0 0 0 0 1 0 0 0 0 0 0
718 12 0 0 9 0 0 0 0 0 1 1 0 0
fn=_IO_setb
329 11 1 1 0 0 0 5 0 0 0 0 0 0
330 4 0 0 2 0 0 0 0 0 1 1 0 0
332 1 0 0 0 0 0 1 0 0 0 0 0 0
333 1 0 0 0 0 0 1 0 0 0 0 0 0
335 6 0 0 0 0 0 1 0 0 0 0 0 0
338 6 0 0 6 0 0 0 0 0 0 0 0 0
fl=./libio/./libio/libioP.h
fn=_IO_cleanup
1025 3 1 1 0 0 0 0 0 0 0 0 0 0
1026 2 0 0 0 0 0 0 0 0 1 0 0 0
fn=_IO_default_setbuf
1025 3 0 0 0 0 0 0 0 0 0 0 0 0
1026 2 0 0 0 0 0 0 0 0 1 0 0 0
fn=_IO_default_xsputn
1025 107 0 0 0 0 0 0 0 0 0 0 0 0
1026 106 0 0 0 0 0 0 0 0 53 0 0 0
fn=_IO_do_write@@GLIBC_2.2.5
1025 6 1 1 0 0 0 0 0 0 0 0 0 0
1026 4 1 1 0 0 0 0 0 0 2 0 0 0
fn=_IO_doallocbuf
1025 3 0 0 0 0 0 0 0 0 0 0 0 0
1026 2 0 0 0 0 0 0 0 0 1 0 0 0
fn=_IO_file_doallocate
1025 3 1 1 0 0 0 0 0 0 0 0 0 0
1026 2 0 0 0 0 0 0 0 0 1 0 0 0
fn=_IO_file_xsputn@@GLIBC_2.2.5
1025 6 0 0 0 0 0 0 0 0 0 0 0 0
1026 4 1 1 0 0 0 0 0 0 2 0 0 0
fn=_IO_flush_all
1025 2 0 0 0 0 0 0 0 0 0 0 0 0
fl=./libio/./libio/vtables.c
fn=check_stdfiles_vtables
545 1 1 1 0 0 0 0 0 0 0 0 0 0
546 4 0 0 2 2 0 0 0 0 1 1 0 0
547 3 1 1 2 1 0 0 0 0 1 1 0 0
548 3 0 0 2 1 0 0 0 0 1 0 0 0
550 1 0 0 1 0 0 0 0 0 0 0 0 0
fl=./malloc/../string/bits/string_fortified.h
fn=tcache_init.part.0
59 88 0 0 0 0 0 81 9 9 80 9 0 0
fl=./malloc/../sysdeps/unix/sysv/linux/not-cancel.h
fn=ptmalloc_init.part.0
97 6 0 0 0 0 0 0 0 0 0 0 0 0
fl=./malloc/./malloc/arena.c
fn=free
153 6 0 0 0 0 0 0 0 0 2 0 0 0
fn=malloc
153 8 0 0 0 0 0 0 0 0 4 3 0 0
264 1 1 1 0 0 0 1 0 0 0 0 0 0
fn=ptmalloc_init.part.0
262 8 1 1 1 0 0 4 1 0 0 0 0 0
267 1 1 1 0 0 0 1 0 0 0 0 0 0
292 2 1 1 1 0 0 0 0 0 1 1 0 0
296 3 1 1 1 1 0 1 0 0 0 0 0 0
300 4 1 1 0 0 0 1 0 0 0 0 0 0
301 4 0 0 0 0 0 1 0 0 0 0 0 0
302 4 1 1 0 0 0 1 0 0 0 0 0 0
303 4 0 0 0 0 0 1 0 0 0 0 0 0
304 4 0 0 0 0 0 1 0 0 0 0 0 0
305 4 0 0 0 0 0 1 0 0 0 0 0 0
306 4 1 1 0 0 0 1 0 0 0 0 0 0
308 4 0 0 0 0 0 1 0 0 0 0 0 0
309 4 0 0 0 0 0 1 0 0 0 0 0 0
310 4 1 1 0 0 0 1 0 0 0 0 0 0
313 4 0 0 0 0 0 1 0 0 0 0 0 0
314 4 0 0 0 0 0 1 0 0 0 0 0 0
316 2 0 0 1 1 1 0 0 0 1 0 0 0
326 8 1 1 6 0 0 0 0 0 1 0 0 0
fl=./malloc/./malloc/malloc.c
fn=_int_free
1792 2 1 1 2 0 0 0 0 0 0 0 0 0
4495 14 1 1 0 0 0 8 0 0 0 0 0 0
4499 6 0 0 2 0 0 0 0 0 0 0 0 0
4505 8 0 0 0 0 0 0 0 0 2 0 0 0
4506 4 1 1 0 0 0 0 0 0 2 0 0 0
4510 10 0 0 0 0 0 0 0 0 2 0 0 0
4517 4 0 0 0 0 0 0 0 0 0 0 0 0
4518 12 0 0 6 0 0 0 0 0 4 2 0 0
4561 4 0 0 0 0 0 0 0 0 2 2 0 0
4637 4 1 1 2 0 0 0 0 0 2 0 0 0
4640 4 0 0 2 0 0 0 0 0 0 0 0 0
4643 4 0 0 0 0 0 0 0 0 2 0 0 0
4646 4 0 0 0 0 0 0 0 0 0 0 0 0
4658 10 0 0 8 0 0 0 0 0 0 0 0 0
fn=_int_free_maybe_consolidate
4770 22 1 1 2 0 0 14 0 0 0 0 0 0
4776 4 1 1 0 0 0 0 0 0 2 0 0 0
4798 22 0 0 18 0 0 0 0 0 2 0 0 0
fn=_int_free_merge_chunk
1992 6 0 0 2 0 0 0 0 0 2 0 0 0
4665 16 2 2 0 0 0 12 0 0 0 0 0 0
4666 2 0 0 0 0 0 0 0 0 0 0 0 0
4670 12 0 0 2 0 0 0 0 0 2 0 0 0
4673 8 0 0 2 0 0 0 0 0 4 4 0 0
4675 6 1 1 2 0 0 0 0 0 0 0 0 0
4678 6 0 0 2 0 0 0 0 0 2 0 0 0
4681 4 0 0 0 0 0 0 0 0 0 0 0 0
4682 4 1 1 0 0 0 0 0 0 2 0 0 0
4683 4 0 0 2 0 0 0 0 0 2 0 0 0
4689 4 0 0 2 0 0 0 0 0 2 1 0 0
4691 1 0 0 1 0 0 0 0 0 0 0 0 0
4692 1 0 0 0 0 0 0 0 0 0 0 0 0
4693 1 0 0 0 0 0 0 0 0 0 0 0 0
4694 4 0 0 1 0 0 0 0 0 1 0 0 0
4696 2 0 0 0 0 0 1 0 0 0 0 0 0
4701 6 0 0 0 0 0 0 0 0 0 0 0 0
4702 14 0 0 12 0 0 0 0 0 0 0 0 0
4714 4 1 1 2 0 0 0 0 0 2 0 0 0
4720 4 0 0 2 0 0 0 0 0 2 0 0 0
4724 2 0 0 2 0 0 0 0 0 0 0 0 0
4732 2 0 0 0 0 0 0 0 0 0 0 0 0
4733 8 0 0 2 0 0 0 0 0 0 0 0 0
4734 4 0 0 2 0 0 0 0 0 2 0 0 0
4736 2 1 1 0 0 0 2 0 0 0 0 0 0
4738 4 0 0 0 0 0 0 0 0 2 2 0 0
4740 6 1 1 0 0 0 2 0 0 0 0 0 0
4743 2 0 0 0 0 0 2 0 0 0 0 0 0
4744 2 0 0 0 0 0 2 0 0 0 0 0 0
4746 6 0 0 0 0 0 2 0 0 0 0 0 0
4747 2 0 0 0 0 0 2 0 0 0 0 0 0
fn=_int_malloc
1326 10 0 0 0 0 0 0 0 0 5 0 0 0
1345 30 1 1 0 0 0 0 0 0 5 0 0 0
1794 5 0 0 5 0 0 0 0 0 0 0 0 0
2008 8 0 0 2 0 0 0 0 0 2 0 0 0
2017 2 1 1 2 0 0 0 0 0 0 0 0 0
2552 12 1 1 4 0 0 4 0 0 0 0 0 0
2553 1 1 1 0 0 0 1 0 0 0 0 0 0
2564 4 0 0 2 0 0 0 0 0 2 1 0 0
2565 3 0 0 2 0 0 0 0 0 1 0 0 0
2568 4 0 0 1 0 0 0 0 0 1 0 0 0
2576 6 0 0 1 0 0 2 0 0 0 0 0 0
2577 2 0 0 0 0 0 0 0 0 1 1 0 0
2589 4 0 0 1 0 0 1 0 0 0 0 0 0
2590 2 0 0 0 0 0 1 0 0 0 0 0 0
2599 4 0 0 0 0 0 0 0 0 1 1 0 0
2608 3 1 1 0 0 0 0 0 0 1 1 0 0
2669 3 1 1 1 0 0 1 0 0 0 0 0 0
2677 2 1 1 1 0 0 0 0 0 1 0 0 0
2678 3 0 0 1 0 0 1 0 0 0 0 0 0
2691 3 0 0 1 0 0 0 0 0 1 0 0 0
2693 1 0 0 1 0 0 0 0 0 0 0 0 0
2699 5 0 0 1 0 0 1 0 0 0 0 0 0
2707 2 1 1 0 0 0 0 0 0 1 1 0 0
2709 4 1 1 0 0 0 2 0 0 0 0 0 0
2710 3 0 0 1 0 0 0 0 0 1 0 0 0
2711 1 0 0 0 0 0 0 0 0 0 0 0 0
2712 1 0 0 0 0 0 0 0 0 0 0 0 0
2715 2 0 0 0 0 0 0 0 0 1 0 0 0
2744 3 1 1 1 1 1 0 0 0 1 1 0 0
2745 1 0 0 0 0 0 1 0 0 0 0 0 0
2746 2 0 0 0 0 0 1 0 0 0 0 0 0
2752 8 1 1 1 0 0 0 0 0 1 1 0 0
2755 4 2 2 2 0 0 0 0 0 2 1 0 0
2782 2 0 0 0 0 0 0 0 0 0 0 0 0
2783 1 1 1 0 0 0 0 0 0 0 0 0 0
2795 3 0 0 0 0 0 0 0 0 1 1 0 0
2814 2 1 1 1 0 0 0 0 0 0 0 0 0
2817 2 0 0 0 0 0 0 0 0 0 0 0 0
2818 6 0 0 1 0 0 0 0 0 0 0 0 0
2820 1 0 0 0 0 0 0 0 0 1 0 0 0
2821 6 1 1 0 0 0 4 0 0 0 0 0 0
2833 5 0 0 3 0 0 0 0 0 1 0 0 0
2873 1 0 0 0 0 0 0 0 0 0 0 0 0
2875 1 0 0 0 0 0 1 0 0 0 0 0 0
2876 5 1 1 0 0 0 1 1 1 0 0 0 0
2877 1 0 0 1 0 0 0 0 0 0 0 0 0
2888 3 0 0 1 0 0 0 0 0 1 1 0 0
2921 3 1 1 2 0 0 0 0 0 1 0 0 0
2922 1 1 1 0 0 0 1 0 0 0 0 0 0
2926 1 0 0 1 0 0 0 0 0 0 0 0 0
2930 5 0 0 2 0 0 0 0 0 1 0 0 0
2932 1 0 0 0 0 0 0 0 0 0 0 0 0
2933 1 0 0 0 0 0 0 0 0 0 0 0 0
2934 1 0 0 0 0 0 1 0 0 0 0 0 0
2935 7 0 0 0 0 0 1 0 0 0 0 0 0
2936 2 1 1 0 0 0 1 1 1 0 0 0 0
2938 1 0 0 0 0 0 0 0 0 0 0 0 0
3846 55 1 1 5 0 0 35 2 1 0 0 0 0
3882 1 0 0 0 0 0 0 0 0 0 0 0 0
3887 10 0 0 0 0 0 0 0 0 5 0 0 0
3914 10 0 0 0 0 0 0 0 0 5 5 0 0
3977 10 2 2 0 0 0 0 0 0 5 1 0 0
3979 6 0 0 0 0 0 0 0 0 0 0 0 0
3980 2 1 1 0 0 0 0 0 0 0 0 0 0
3982 3 0 0 1 0 0 0 0 0 1 1 0 0
4039 52 0 0 0 0 0 0 0 0 9 3 0 0
4040 12 0 0 4 1 1 0 0 0 4 0 0 0
4058 13 0 0 4 0 0 0 0 0 0 0 0 0
4059 15 0 0 0 0 0 5 1 0 0 0 0 0
4060 15 1 1 10 0 0 0 0 0 5 1 0 0
4070 26 1 1 5 1 1 5 0 0 5 5 0 0
4257 15 2 2 0 0 0 0 0 0 5 1 0 0
4259 16 0 0 0 0 0 0 0 0 0 0 0 0
4262 12 0 0 4 1 1 0 0 0 4 4 0 0
4263 5 0 0 0 0 0 0 0 0 0 0 0 0
4330 5 0 0 0 0 0 0 0 0 0 0 0 0
4331 10 1 1 0 0 0 0 0 0 0 0 0 0
4332 10 0 0 0 0 0 0 0 0 0 0 0 0
4333 10 0 0 5 1 1 0 0 0 0 0 0 0
4334 30 0 0 0 0 0 0 0 0 0 0 0 0
4339 20 0 0 0 0 0 0 0 0 5 2 0 0
4343 24 2 2 0 0 0 0 0 0 8 5 0 0
4346 12 0 0 3 0 0 0 0 0 3 0 0 0
4443 5 1 1 5 0 0 0 0 0 0 0 0 0
4444 10 0 0 5 0 0 0 0 0 0 0 0 0
4446 10 0 0 5 1 1 0 0 0 5 0 0 0
4449 15 1 1 0 0 0 0 0 0 5 3 0 0
4451 3 0 0 0 0 0 0 0 0 0 0 0 0
4452 6 0 0 0 0 0 0 0 0 0 0 0 0
4453 3 0 0 0 0 0 3 0 0 0 0 0 0
4454 24 0 0 0 0 0 3 0 0 0 0 0 0
4456 6 0 0 0 0 0 3 3 3 0 0 0 0
4459 6 1 1 0 0 0 0 0 0 0 0 0 0
4460 15 1 1 0 0 0 5 1 1 0 0 0 0
4461 5 1 1 0 0 0 0 0 0 0 0 0 0
4466 8 0 0 2 0 0 2 0 0 2 2 0 0
4482 3 0 0 0 0 0 0 0 0 1 0 0 0
4487 60 1 1 45 0 0 0 0 0 5 0 0 0
fn=alloc_perturb
1985 15 1 1 5 0 0 0 0 0 5 0 0 0
1987 5 0 0 5 0 0 0 0 0 0 0 0 0
fn=free
3359 21 2 2 0 0 0 12 0 0 0 0 0 0
3363 6 0 0 0 0 0 0 0 0 3 0 0 0
3371 6 0 0 6 0 0 0 0 0 0 0 0 0
3373 3 0 0 0 0 0 0 0 0 0 0 0 0
3375 9 0 0 3 1 1 0 0 0 3 1 0 0
3379 3 1 1 1 0 0 0 0 0 1 0 0 0
3381 4 0 0 1 1 1 0 0 0 1 0 0 0
3383 2 0 0 0 0 0 1 0 0 0 0 0 0
3384 2 0 0 0 0 0 1 0 0 0 0 0 0
3385 1 0 0 0 0 0 0 0 0 0 0 0 0
3388 2 0 0 0 0 0 1 0 0 0 0 0 0
3392 6 0 0 4 0 0 0 0 0 2 0 0 0
3398 6 1 1 0 0 0 2 0 0 0 0 0 0
3401 3 0 0 0 0 0 3 0 0 0 0 0 0
3402 18 1 1 15 0 0 0 0 0 0 0 0 0
fn=malloc
1326 8 0 0 0 0 0 0 0 0 4 1 0 0
1345 20 1 1 0 0 0 0 0 0 4 1 0 0
3248 4 1 1 2 0 0 1 0 0 1 0 0 0
3294 32 1 1 0 0 0 16 1 0 0 0 0 0
3301 8 0 0 4 2 2 0 0 0 4 1 0 0
3311 8 0 0 0 0 0 0 0 0 0 0 0 0
3313 16 0 0 8 2 2 0 0 0 4 1 0 0
3316 8 1 1 4 1 1 0 0 0 4 2 0 0
3318 3 0 0 1 1 1 0 0 0 1 1 0 0
3326 8 1 1 4 1 1 0 0 0 4 4 0 0
3328 16 1 1 0 0 0 4 1 1 0 0 0 0
3329 20 1 1 4 0 0 0 0 0 4 0 0 0
3354 24 0 0 20 0 0 0 0 0 0 0 0 0
fn=munmap_chunk
3024 2 1 1 0 0 0 1 0 0 0 0 0 0
3025 2 0 0 2 2 2 0 0 0 0 0 0 0
3026 3 0 0 1 0 0 0 0 0 0 0 0 0
3028 2 0 0 0 0 0 0 0 0 1 0 0 0
3030 1 0 0 0 0 0 0 0 0 0 0 0 0
3031 3 1 1 1 0 0 0 0 0 0 0 0 0
3032 1 0 0 0 0 0 0 0 0 0 0 0 0
3038 4 0 0 0 0 0 0 0 0 0 0 0 0
3039 5 0 0 0 0 0 0 0 0 1 0 0 0
3042 1 0 0 2 0 0 0 0 0 1 1 0 0
3043 3 1 1 2 0 0 0 0 0 1 0 0 0
3048 2 0 0 0 0 0 0 0 0 0 0 0 0
3049 1 0 0 1 0 0 0 0 0 0 0 0 0
fn=ptmalloc_init.part.0
1946 385 0 0 0 0 0 0 0 0 127 7 0 0
1949 381 0 0 0 0 0 127 32 32 0 0 0 0
1957 1 0 0 0 0 0 1 0 0 0 0 0 0
1958 1 0 0 0 0 0 1 1 1 0 0 0 0
1960 1 0 0 0 0 0 1 0 0 0 0 0 0
3143 2 0 0 0 0 0 0 0 0 1 0 0 0
fn=sysmalloc_mmap.isra.0
2008 4 0 0 1 0 0 0 0 0 1 0 0 0
2400 6 1 1 0 0 0 4 0 0 0 0 0 0
2413 3 0 0 0 0 0 0 0 0 0 0 0 0
2418 2 0 0 0 0 0 0 0 0 1 1 0 0
2421 10 1 1 0 0 0 1 0 0 0 0 0 0
2424 2 0 0 0 0 0 0 0 0 1 0 0 0
2428 2 0 0 0 0 0 0 0 0 1 0 0 0
2432 4 1 1 0 0 0 1 0 0 0 0 0 0
2448 3 0 0 0 0 0 0 0 0 1 0 0 0
2466 1 0 0 0 0 0 1 1 1 0 0 0 0
2467 3 0 0 0 0 0 1 0 0 0 0 0 0
2471 3 1 1 2 0 0 0 0 0 1 0 0 0
2472 5 0 0 2 0 0 0 0 0 2 0 0 0
2475 3 0 0 2 0 0 0 0 0 1 0 0 0
2476 5 1 1 2 0 0 0 0 0 2 1 0 0
2481 7 0 0 5 0 0 0 0 0 0 0 0 0
fn=tcache_init.part.0
3242 4 1 1 0 0 0 2 0 0 0 0 0 0
3251 8 1 1 3 0 0 0 0 0 2 0 0 0
3252 3 0 0 0 0 0 1 0 0 0 0 0 0
3253 2 0 0 0 0 0 0 0 0 1 0 0 0
3261 4 0 0 2 0 0 0 0 0 2 0 0 0
3270 2 1 1 1 0 0 1 0 0 0 0 0 0
3274 3 0 0 3 0 0 0 0 0 0 0 0 0
fn=unlink_chunk.isra.0
1608 2 1 1 0 0 0 1 0 0 0 0 0 0
1610 5 1 1 2 0 0 0 0 0 1 0 0 0
1613 2 0 0 2 0 0 0 0 0 0 0 0 0
1614 2 0 0 1 0 0 0 0 0 0 0 0 0
1616 4 0 0 2 0 0 0 0 0 2 0 0 0
1619 1 0 0 0 0 0 1 0 0 0 0 0 0
1620 1 0 0 0 0 0 1 0 0 0 0 0 0
1621 5 1 1 1 0 0 0 0 0 2 1 0 0
1645 2 0 0 2 0 0 0 0 0 0 0 0 0
fl=./malloc/./malloc/morecore.c
fn=__glibc_morecore
25 6 2 2 0 0 0 2 0 0 0 0 0 0
26 4 0 0 2 0 0 0 0 0 2 0 0 0
29 2 0 0 0 0 0 2 1 0 0 0 0 0
30 4 0 0 0 0 0 0 0 0 2 0 0 0
34 4 0 0 4 0 0 0 0 0 0 0 0 0
fl=./malloc/./malloc/scratch_buffer_set_array_size.c
fn=__libc_scratch_buffer_set_array_size
30 39 1 1 0 0 0 12 0 0 0 0 0 0
34 3 0 0 0 0 0 0 0 0 0 0 0 0
35 6 0 0 0 0 0 0 0 0 3 2 0 0
45 6 0 0 3 0 0 0 0 0 3 2 0 0
46 3 0 0 0 0 0 0 0 0 0 0 0 0
63 18 1 1 15 0 0 0 0 0 0 0 0 0
fl=./math/../sysdeps/ieee754/dbl-64/e_sqrt.c
fn=__sqrt_finite@GLIBC_2.15
52 6 1 1 0 0 0 0 0 0 0 0 0 0
54 6 0 0 0 0 0 0 0 0 0 0 0 0
146 6 0 0 6 0 0 0 0 0 0 0 0 0
fl=./math/../sysdeps/x86_64/fpu/multiarch/e_asin.c
fn=__acos_finite@GLIBC_2.15
35 1 1 1 0 0 0 0 0 0 0 0 0 0
fn=__asin_finite@GLIBC_2.15
27 2 1 1 1 0 0 0 0 0 0 0 0 0
fl=./math/../sysdeps/x86_64/fpu/multiarch/e_atan2.c
fn=__atan2_finite@GLIBC_2.15
26 2 1 1 1 0 0 0 0 0 0 0 0 0
fl=./math/../sysdeps/x86_64/fpu/multiarch/e_exp.c
fn=__exp_finite@GLIBC_2.15
27 2 2 2 1 0 0 0 0 0 0 0 0 0
fl=./math/../sysdeps/x86_64/fpu/multiarch/e_exp2f.c
fn=exp2f@@GLIBC_2.27
27 2 1 1 1 0 0 0 0 0 0 0 0 0
fl=./math/../sysdeps/x86_64/fpu/multiarch/e_expf.c
fn=expf@@GLIBC_2.27
27 2 1 1 1 0 0 0 0 0 0 0 0 0
fl=./math/../sysdeps/x86_64/fpu/multiarch/e_log.c
fn=__log_finite@GLIBC_2.15
27 2 2 2 1 0 0 0 0 0 0 0 0 0
fl=./math/../sysdeps/x86_64/fpu/multiarch/e_log2.c
fn=log2@@GLIBC_2.29
27 2 1 1 1 0 0 0 0 0 0 0 0 0
fl=./math/../sysdeps/x86_64/fpu/multiarch/e_log2f.c
fn=log2f@@GLIBC_2.27
27 2 1 1 1 0 0 0 0 0 0 0 0 0
fl=./math/../sysdeps/x86_64/fpu/multiarch/e_logf.c
fn=logf@@GLIBC_2.27
27 2 1 1 1 0 0 0 0 0 0 0 0 0
fl=./math/../sysdeps/x86_64/fpu/multiarch/e_pow.c
fn=__pow_finite@GLIBC_2.15
27 2 1 1 1 0 0 0 0 0 0 0 0 0
fl=./math/../sysdeps/x86_64/fpu/multiarch/e_powf.c
fn=powf@@GLIBC_2.27
30 1 1 1 0 0 0 0 0 0 0 0 0 0
fl=./math/../sysdeps/x86_64/fpu/multiarch/ifunc-avx-fma4.h
fn=__atan2_finite@GLIBC_2.15
32 5 0 0 2 0 0 0 0 0 1 0 0 0
33 2 1 1 1 0 0 0 0 0 1 1 0 0
fn=__exp_finite@GLIBC_2.15
32 5 0 0 2 0 0 0 0 0 1 0 0 0
33 2 0 0 1 0 0 0 0 0 1 1 0 0
fn=__log_finite@GLIBC_2.15
32 5 0 0 2 0 0 0 0 0 1 0 0 0
33 2 0 0 1 0 0 0 0 0 1 1 0 0
fn=cos
32 5 1 1 2 0 0 0 0 0 1 0 0 0
33 2 0 0 1 0 0 0 0 0 1 1 0 0
fn=sin
32 5 0 0 2 0 0 0 0 0 1 0 0 0
33 2 0 0 1 0 0 0 0 0 1 1 0 0
fl=./math/../sysdeps/x86_64/fpu/multiarch/ifunc-fma.h
fn=__log1p
29 4 0 0 2 0 0 0 0 0 1 0 0 0
30 3 0 0 1 0 0 0 0 0 0 0 0 0
fn=cosf
29 4 0 0 2 0 0 0 0 0 1 0 0 0
30 3 0 0 1 0 0 0 0 0 0 0 0 0
fn=exp2f@@GLIBC_2.27
29 4 0 0 2 0 0 0 0 0 1 0 0 0
30 3 0 0 1 0 0 0 0 0 0 0 0 0
fn=expf@@GLIBC_2.27
29 4 1 1 2 0 0 0 0 0 1 0 0 0
30 3 0 0 1 0 0 0 0 0 0 0 0 0
fn=expm1
29 4 0 0 2 0 0 0 0 0 1 0 0 0
30 3 1 1 1 0 0 0 0 0 0 0 0 0
fn=log2@@GLIBC_2.29
29 4 0 0 2 0 0 0 0 0 1 0 0 0
30 3 0 0 1 0 0 0 0 0 0 0 0 0
fn=log2f@@GLIBC_2.27
29 4 0 0 2 0 0 0 0 0 1 0 0 0
30 3 1 1 1 0 0 0 0 0 0 0 0 0
fn=logf@@GLIBC_2.27
29 4 0 0 2 0 0 0 0 0 1 0 0 0
30 3 0 0 1 0 0 0 0 0 0 0 0 0
fn=powf@@GLIBC_2.27
29 4 0 0 2 0 0 0 0 0 1 0 0 0
30 4 0 0 2 0 0 0 0 0 0 0 0 0
fn=sincosf
29 4 1 1 2 0 0 0 0 0 1 0 0 0
30 3 0 0 1 0 0 0 0 0 0 0 0 0
fn=sinf
29 4 0 0 2 0 0 0 0 0 1 0 0 0
30 3 0 0 1 0 0 0 0 0 0 0 0 0
fl=./math/../sysdeps/x86_64/fpu/multiarch/ifunc-fma4.h
fn=__acos_finite@GLIBC_2.15
31 4 0 0 2 0 0 0 0 0 1 0 0 0
32 2 1 1 1 0 0 0 0 0 1 1 0 0
35 1 0 0 1 0 0 0 0 0 0 0 0 0
fn=__asin_finite@GLIBC_2.15
31 4 0 0 2 0 0 0 0 0 1 0 0 0
32 2 0 0 1 0 0 0 0 0 1 1 0 0
fn=__pow_finite@GLIBC_2.15
31 4 1 1 2 0 0 0 0 0 1 0 0 0
32 2 0 0 1 0 0 0 0 0 1 1 0 0
fn=sincos
31 4 1 1 2 0 0 0 0 0 1 0 0 0
32 2 0 0 1 0 0 0 0 0 1 1 0 0
fl=./math/../sysdeps/x86_64/fpu/multiarch/s_cosf.c
fn=cosf
26 2 1 1 1 0 0 0 0 0 0 0 0 0
fl=./math/../sysdeps/x86_64/fpu/multiarch/s_expm1.c
fn=expm1
26 2 1 1 1 0 0 0 0 0 0 0 0 0
fl=./math/../sysdeps/x86_64/fpu/multiarch/s_fma.c
fn=fma
49 6 2 2 3 0 0 0 0 0 1 1 0 0
fl=./math/../sysdeps/x86_64/fpu/multiarch/s_log1p.c
fn=__log1p
26 2 1 1 1 0 0 0 0 0 0 0 0 0
fl=./math/../sysdeps/x86_64/fpu/multiarch/s_sin.c
fn=cos
34 2 1 1 1 0 0 0 0 0 0 0 0 0
fn=sin
27 2 1 1 1 0 0 0 0 0 0 0 0 0
fl=./math/../sysdeps/x86_64/fpu/multiarch/s_sincos.c
fn=sincos
26 2 1 1 1 0 0 0 0 0 0 0 0 0
fl=./math/../sysdeps/x86_64/fpu/multiarch/s_sincosf.c
fn=sincosf
26 2 1 1 1 0 0 0 0 0 0 0 0 0
fl=./math/../sysdeps/x86_64/fpu/multiarch/s_sinf.c
fn=sinf
26 2 1 1 1 0 0 0 0 0 0 0 0 0
fl=./math/./math/w_sqrt_compat.c
fn=sqrt
34 6 1 1 0 0 0 0 0 0 0 0 0 0
35 18 0 0 0 0 0 0 0 0 6 0 0 0
38 6 0 0 0 0 0 0 0 0 0 0 0 0
fl=./misc/../sysdeps/unix/syscall-template.S
fn=mprotect
117 25 2 2 0 0 0 0 0 0 5 1 0 0
122 5 0 0 5 0 0 0 0 0 0 0 0 0
fn=munmap
117 10 1 1 0 0 0 0 0 0 2 0 0 0
122 2 0 0 2 0 0 0 0 0 0 0 0 0
fl=./misc/../sysdeps/unix/sysv/linux/brk.c
fn=brk
36 2 1 1 0 0 0 0 0 0 0 0 0 0
37 4 0 0 2 0 0 2 0 0 0 0 0 0
38 4 0 0 0 0 0 0 0 0 2 0 0 0
44 2 0 0 0 0 0 0 0 0 0 0 0 0
45 2 0 0 2 0 0 0 0 0 0 0 0 0
fl=./misc/../sysdeps/unix/sysv/linux/brk_call.h
fn=brk
24 4 0 0 0 0 0 0 0 0 0 0 0 0
fl=./misc/../sysdeps/unix/sysv/linux/mmap64.c
fn=mmap
47 119 2 2 0 0 0 51 0 0 0 0 0 0
50 34 0 0 0 0 0 0 0 0 17 0 0 0
53 75 2 2 3 0 0 0 0 0 27 12 0 0
58 102 0 0 0 0 0 0 0 0 17 0 0 0
60 68 0 0 68 0 0 0 0 0 0 0 0 0
fl=./misc/../sysdeps/unix/sysv/linux/setvmaname.c
fn=__set_vma_name
33 18 3 3 0 0 0 8 0 0 0 0 0 0
35 12 0 0 5 1 1 1 0 0 3 2 0 0
40 14 0 0 2 0 0 2 1 1 2 1 0 0
47 2 2 2 0 0 0 2 0 0 0 0 0 0
48 1 0 0 0 0 0 0 0 0 0 0 0 0
49 18 1 1 12 0 0 0 0 0 1 0 0 0
fl=./misc/./misc/init-misc.c
fn=__init_misc
30 5 1 1 0 0 0 3 0 0 0 0 0 0
31 6 0 0 1 0 0 0 0 0 2 0 0 0
33 3 0 0 0 0 0 1 0 0 0 0 0 0
37 5 0 0 1 0 0 1 1 0 0 0 0 0
38 3 1 1 2 0 0 1 0 0 0 0 0 0
40 4 0 0 4 0 0 0 0 0 0 0 0 0
fl=./misc/./misc/sbrk.c
fn=sbrk
37 16 1 1 0 0 0 8 0 0 0 0 0 0
40 4 0 0 4 0 0 0 0 0 0 0 0 0
43 4 0 0 2 0 0 0 0 0 2 2 0 0
58 4 1 1 0 0 0 0 0 0 2 1 0 0
59 4 1 1 0 0 0 1 0 0 1 0 0 0
62 4 0 0 0 0 0 0 0 0 2 1 0 0
63 2 0 0 1 0 0 0 0 0 0 0 0 0
66 4 0 0 0 0 0 0 0 0 2 1 0 0
74 3 1 1 0 0 0 1 0 0 1 0 0 0
78 14 0 0 10 0 0 0 0 0 0 0 0 0
fl=./nptl/../sysdeps/unix/sysv/linux/x86/elision-conf.c
fn=__lll_elision_init
92 8 1 1 1 0 0 3 0 0 0 0 0 0
96 5 1 1 0 0 0 1 0 0 0 0 0 0
98 4 0 0 0 0 0 1 0 0 0 0 0 0
100 4 1 1 0 0 0 1 0 0 0 0 0 0
102 4 0 0 0 0 0 1 0 0 0 0 0 0
104 4 0 0 0 0 0 1 0 0 0 0 0 0
107 3 0 0 1 1 1 0 0 0 1 0 0 0
108 1 1 1 0 0 0 1 1 1 0 0 0 0
109 6 0 0 5 0 0 0 0 0 1 0 0 0
fl=./nptl/./nptl/alloca_cutoff.c
fn=__libc_alloca_cutoff
27 1 1 1 0 0 0 0 0 0 0 0 0 0
28 9 1 1 1 1 1 0 0 0 1 1 0 0
35 1 0 0 1 0 0 0 0 0 0 0 0 0
fl=./nptl/./nptl/libc-cleanup.c
fn=__libc_cleanup_pop_restore
54 2 1 1 0 0 0 0 0 0 0 0 0 0
55 2 0 0 2 0 0 0 0 0 0 0 0 0
57 4 0 0 2 0 0 2 0 0 0 0 0 0
59 2 0 0 2 0 0 0 0 0 0 0 0 0
60 6 0 0 2 0 0 0 0 0 2 2 0 0
71 2 1 1 2 0 0 0 0 0 0 0 0 0
fn=__libc_cleanup_push_defer
24 2 1 1 0 0 0 0 0 0 0 0 0 0
25 2 0 0 2 0 0 0 0 0 0 0 0 0
27 4 1 1 2 0 0 2 0 0 0 0 0 0
29 4 0 0 2 1 1 0 0 0 0 0 0 0
32 4 0 0 0 0 0 0 0 0 2 0 0 0
46 6 0 0 0 0 0 2 0 0 0 0 0 0
48 2 0 0 0 0 0 2 0 0 0 0 0 0
49 2 0 0 2 0 0 0 0 0 0 0 0 0
fl=./nptl/./nptl/pthread_mutex_conf.c
fn=__pthread_tunables_init
55 8 1 1 1 0 0 3 0 0 0 0 0 0
56 5 1 1 0 0 0 1 0 0 0 0 0 0
58 4 0 0 0 0 0 1 0 0 0 0 0 0
60 4 1 1 0 0 0 1 0 0 0 0 0 0
62 6 0 0 5 0 0 0 0 0 1 0 0 0
fl=./nptl/./nptl/pthread_mutex_lock.c
fn=pthread_mutex_lock@@GLIBC_2.2.5
44 1 1 1 1 0 0 0 0 0 0 0 0 0
45 7 1 1 2 0 0 0 0 0 3 0 0 0
46 1 0 0 0 0 0 1 0 0 0 0 0 0
77 5 1 1 0 0 0 2 0 0 0 0 0 0
80 3 0 0 1 0 0 0 0 0 0 0 0 0
82 1 0 0 0 0 0 0 0 0 0 0 0 0
84 2 0 0 0 0 0 0 0 0 1 0 0 0
88 2 0 0 0 0 0 0 0 0 1 1 0 0
97 2 1 1 0 0 0 0 0 0 1 0 0 0
108 4 0 0 1 0 0 0 0 0 1 0 0 0
112 1 0 0 1 1 1 0 0 0 0 0 0 0
115 2 0 0 1 0 0 0 0 0 1 1 0 0
124 1 0 0 0 0 0 0 0 0 0 0 0 0
130 3 0 0 1 0 0 0 0 0 1 0 0 0
131 2 0 0 0 0 0 1 0 0 0 0 0 0
179 1 1 1 1 0 0 0 0 0 0 0 0 0
182 1 1 1 0 0 0 1 0 0 0 0 0 0
184 1 0 0 1 0 0 0 0 0 0 0 0 0
187 1 0 0 0 0 0 0 0 0 0 0 0 0
190 3 0 0 3 0 0 0 0 0 0 0 0 0
fl=./nptl/./nptl/pthread_mutex_unlock.c
fn=pthread_mutex_unlock@@GLIBC_2.2.5
39 1 0 0 1 0 0 0 0 0 0 0 0 0
40 4 1 1 1 0 0 0 0 0 2 0 0 0
41 1 0 0 0 0 0 1 0 0 0 0 0 0
51 3 0 0 1 0 0 0 0 0 0 0 0 0
52 2 0 0 0 0 0 0 0 0 1 0 0 0
57 2 0 0 0 0 0 0 0 0 1 1 0 0
62 1 0 0 0 0 0 1 0 0 0 0 0 0
65 1 0 0 1 0 0 0 0 0 0 0 0 0
70 1 0 0 0 0 0 0 0 0 0 0 0 0
72 1 0 0 0 0 0 0 0 0 0 0 0 0
74 2 1 1 0 0 0 0 0 0 1 1 0 0
80 4 0 0 1 0 0 0 0 0 1 0 0 0
84 3 0 0 2 0 0 0 0 0 1 1 0 0
87 2 1 1 1 0 0 0 0 0 1 1 0 0
367 4 1 1 0 0 0 1 0 0 0 0 0 0
369 2 0 0 2 0 0 0 0 0 0 0 0 0
fl=./posix/../malloc/dynarray-skeleton.c
fn=__unregister_atfork
243 3 0 0 3 1 1 0 0 0 0 0 0 0
fl=./posix/../sysdeps/unix/sysv/linux/_exit.c
fn=_Exit
27 2 1 1 1 0 0 0 0 0 0 0 0 0
30 4 0 0 0 0 0 0 0 0 0 0 0 0
fl=./posix/./posix/register-atfork.c
fn=__unregister_atfork
71 6 1 1 0 0 0 0 0 0 3 2 0 0
82 18 1 1 0 0 0 6 0 0 0 0 0 0
83 12 0 0 3 1 1 0 0 0 3 1 0 0
109 12 1 1 6 0 0 0 0 0 6 0 0 0
110 9 0 0 9 0 0 0 0 0 0 0 0 0
fl=./resource/../sysdeps/unix/sysv/linux/getrlimit64.c
fn=getrlimit
38 2 1 1 0 0 0 0 0 0 0 0 0 0
39 7 0 0 0 0 0 0 0 0 1 0 0 0
40 1 0 0 1 0 0 0 0 0 0 0 0 0
fl=./setjmp/../sysdeps/x86_64/bsd-_setjmp.S
fn=_setjmp
28 1 1 1 0 0 0 0 0 0 0 0 0 0
30 1 0 0 0 0 0 0 0 0 0 0 0 0
32 1 0 0 0 0 0 0 0 0 0 0 0 0
fl=./setjmp/../sysdeps/x86_64/setjmp.S
fn=__sigsetjmp
31 7 2 2 0 0 0 0 0 0 0 0 0 0
33 7 0 0 0 0 0 7 0 0 0 0 0 0
42 7 0 0 0 0 0 0 0 0 0 0 0 0
43 14 0 0 7 0 0 0 0 0 0 0 0 0
44 7 0 0 0 0 0 7 0 0 0 0 0 0
48 7 0 0 0 0 0 7 1 1 0 0 0 0
49 7 0 0 0 0 0 7 0 0 0 0 0 0
50 7 0 0 0 0 0 7 0 0 0 0 0 0
51 7 0 0 0 0 0 7 0 0 0 0 0 0
52 7 0 0 0 0 0 0 0 0 0 0 0 0
54 14 1 1 7 0 0 0 0 0 0 0 0 0
56 7 0 0 0 0 0 7 0 0 0 0 0 0
57 7 1 1 7 0 0 0 0 0 0 0 0 0
58 7 0 0 0 0 0 0 0 0 0 0 0 0
60 14 0 0 7 0 0 0 0 0 0 0 0 0
62 7 0 0 0 0 0 7 0 0 0 0 0 0
67 1 0 0 1 1 0 0 0 0 0 0 0 0
68 1 0 0 0 0 0 0 0 0 1 1 0 0
70 6 0 0 0 0 0 0 0 0 0 0 0 0
73 6 0 0 0 0 0 0 0 0 0 0 0 0
74 6 0 0 0 0 0 6 1 1 0 0 0 0
81 6 0 0 0 0 0 0 0 0 0 0 0 0
82 6 0 0 6 0 0 0 0 0 0 0 0 0
85 1 1 1 0 0 0 0 0 0 0 0 0 0
fl=./setjmp/./setjmp/sigjmp.c
fn=__sigjmp_save
28 6 0 0 0 0 0 2 0 0 0 0 0 0
29 1 0 0 0 0 0 1 0 0 0 0 0 0
30 2 0 0 0 0 0 0 0 0 1 0 0 0
34 4 0 0 3 0 0 0 0 0 0 0 0 0
fl=./stdio-common/../include/../locale/localeinfo.h
fn=__printf_fp_l_buffer
331 3 1 1 3 3 3 0 0 0 0 0 0 0
fl=./stdio-common/../include/printf_buffer.h
fn=__printf_buffer
163 4 1 1 0 0 0 0 0 0 2 2 0 0
fn=__printf_buffer_to_file_init
124 4 0 0 0 0 0 2 1 1 0 0 0 0
127 2 0 0 0 0 0 2 1 1 0 0 0 0
128 2 0 0 0 0 0 2 0 0 0 0 0 0
137 4 0 0 0 0 0 2 0 0 0 0 0 0
fn=__printf_fp_buffer_1.isra.0
163 6 1 1 3 0 0 0 0 0 2 2 0 0
fl=./stdio-common/../include/rounding-mode.h
fn=__printf_fp_buffer_1.isra.0
52 4 1 1 0 0 0 0 0 0 1 0 0 0
58 2 0 0 0 0 0 0 0 0 1 1 0 0
fl=./stdio-common/../libio/libioP.h
fn=__printf_buffer_to_file_done
1025 6 0 0 0 0 0 0 0 0 0 0 0 0
1026 4 1 1 0 0 0 0 0 0 2 2 0 0
fl=./stdio-common/../string/bits/string_fortified.h
fn=__printf_buffer_write
29 18 0 0 0 0 0 6 0 0 0 0 0 0
fn=__printf_fp_buffer_1.isra.0
29 4 1 1 2 0 0 2 0 0 0 0 0 0
fl=./stdio-common/../sysdeps/generic/get-rounding-mode.h
fn=__printf_fp_buffer_1.isra.0
94 1 1 1 0 0 0 1 0 0 0 0 0 0
95 7 1 1 1 0 0 0 0 0 3 1 0 0
fl=./stdio-common/../sysdeps/pthread/allocalim.h
fn=__printf_fp_buffer_1.isra.0
27 2 0 0 0 0 0 1 0 0 0 0 0 0
29 5 0 0 0 0 0 1 0 0 1 0 0 0
fl=./stdio-common/./stdio-common/Xprintf_buffer_done.c
fn=__printf_buffer_done
25 2 1 1 0 0 0 0 0 0 0 0 0 0
26 6 0 0 2 0 0 0 0 0 2 0 0 0
31 4 1 1 4 0 0 0 0 0 0 0 0 0
33 24 0 0 2 0 0 0 0 0 4 0 0 0
40 2 0 0 2 0 0 0 0 0 0 0 0 0
fl=./stdio-common/./stdio-common/Xprintf_buffer_write.c
fn=__printf_buffer_write
27 48 1 1 0 0 0 30 1 1 0 0 0 0
28 18 0 0 6 0 0 0 0 0 6 1 0 0
31 36 0 0 0 0 0 0 0 0 12 6 0 0
33 30 1 1 12 0 0 0 0 0 6 6 0 0
36 6 0 0 0 0 0 0 0 0 0 0 0 0
37 12 0 0 0 0 0 0 0 0 0 0 0 0
40 18 0 0 6 0 0 6 0 0 0 0 0 0
41 6 0 0 0 0 0 0 0 0 0 0 0 0
44 36 1 1 36 0 0 0 0 0 0 0 0 0
fl=./stdio-common/./stdio-common/_itoa.c
fn=_itoa_word
169 1 1 1 0 0 0 0 0 0 0 0 0 0
172 4 1 1 0 0 0 0 0 0 0 0 0 0
174 2 0 0 0 0 0 0 0 0 1 1 0 0
183 16 2 2 1 1 1 1 0 0 1 0 0 0
192 2 0 0 1 0 0 0 0 0 0 0 0 0
fl=./stdio-common/./stdio-common/printf-parse.h
fn=__printf_buffer
55 6 2 2 1 0 0 0 0 0 1 1 0 0
65 2 0 0 0 0 0 0 0 0 0 0 0 0
82 18 1 1 0 0 0 6 0 0 0 0 0 0
fl=./stdio-common/./stdio-common/printf.c
fn=printf
28 36 2 2 2 1 1 22 3 3 2 1 0 0
32 12 1 1 0 0 0 8 1 1 0 0 0 0
33 14 0 0 4 2 2 2 0 0 0 0 0 0
37 10 1 1 8 0 0 0 0 0 2 0 0 0
fl=./stdio-common/./stdio-common/printf_buffer_to_file.c
fn=__printf_buffer_to_file_done
51 8 0 0 6 0 0 0 0 0 0 0 0 0
53 8 1 1 2 0 0 0 0 0 2 2 0 0
58 6 1 1 0 0 0 0 0 0 0 0 0 0
59 12 0 0 6 1 1 2 0 0 2 2 2 1
65 4 0 0 0 0 0 2 0 0 0 0 0 0
66 2 0 0 0 0 0 0 0 0 0 0 0 0
117 16 0 0 0 0 0 8 0 0 0 0 0 0
118 6 0 0 2 0 0 0 0 0 2 0 0 0
121 4 0 0 0 0 0 0 0 0 0 0 0 0
122 10 1 1 8 0 0 0 0 0 0 0 0 0
fn=__printf_buffer_to_file_init
108 2 1 1 0 0 0 0 0 0 0 0 0 0
109 4 1 1 0 0 0 0 0 0 0 0 0 0
111 2 0 0 0 0 0 2 0 0 0 0 0 0
112 2 0 0 0 0 0 0 0 0 0 0 0 0
fn=__printf_buffer_to_file_switch
29 4 1 1 0 0 0 0 0 0 0 0 0 0
30 20 0 0 12 0 0 0 0 0 4 0 0 0
40 4 0 0 0 0 0 0 0 0 0 0 0 0
41 4 0 0 0 0 0 0 0 0 0 0 0 0
44 16 0 0 0 0 0 8 0 0 0 0 0 0
45 4 0 0 4 0 0 0 0 0 0 0 0 0
fl=./stdio-common/./stdio-common/printf_fp.c
fn=__printf_fp_buffer_1.isra.0
91 18 1 1 6 0 0 0 0 0 6 4 0 0
93 18 0 0 6 0 0 0 0 0 6 0 0 0
95 12 0 0 12 0 0 0 0 0 0 0 0 0
101 12 0 0 0 0 0 0 0 0 6 0 0 0
105 42 1 1 12 0 0 6 0 0 0 0 0 0
107 24 0 0 18 0 0 6 0 0 0 0 0 0
108 6 0 0 6 0 0 0 0 0 0 0 0 0
110 12 0 0 6 0 0 6 0 0 0 0 0 0
111 30 1 1 12 0 0 0 0 0 12 3 0 0
118 6 0 0 0 0 0 0 0 0 0 0 0 0
122 18 0 0 0 0 0 6 0 0 0 0 0 0
123 12 0 0 0 0 0 0 0 0 6 1 0 0
124 25 0 0 10 0 0 10 0 0 0 0 0 0
138 18 2 2 1 0 0 13 3 3 0 0 0 0
159 8 1 1 1 0 0 1 0 0 0 0 0 0
177 1 0 0 0 0 0 1 0 0 0 0 0 0
187 1 0 0 0 0 0 1 1 1 0 0 0 0
221 2 0 0 0 0 0 0 0 0 1 1 0 0
222 1 0 0 0 0 0 1 0 0 0 0 0 0
226 3 1 1 1 0 0 0 0 0 1 1 0 0
230 17 3 3 3 2 2 1 1 1 2 1 0 0
234 1 0 0 0 0 0 0 0 0 0 0 0 0
266 5 2 2 1 0 0 0 0 0 0 0 0 0
267 1 0 0 0 0 0 0 0 0 0 0 0 0
268 2 0 0 0 0 0 0 0 0 0 0 0 0
271 17 1 1 1 0 0 1 0 0 2 1 0 0
272 16 1 1 1 1 1 1 0 0 2 1 0 0
273 16 2 2 1 1 1 1 0 0 2 1 0 0
279 1 0 0 0 0 0 1 0 0 0 0 0 0
280 2 0 0 0 0 0 0 0 0 1 0 0 0
283 1 0 0 0 0 0 0 0 0 0 0 0 0
293 1 0 0 0 0 0 0 0 0 0 0 0 0
294 7 1 1 0 0 0 1 0 0 0 0 0 0
297 3 0 0 0 0 0 0 0 0 1 1 0 0
301 4 0 0 0 0 0 0 0 0 0 0 0 0
305 4 0 0 0 0 0 1 0 0 0 0 0 0
306 1 0 0 0 0 0 0 0 0 0 0 0 0
308 6 1 1 0 0 0 0 0 0 0 0 0 0
309 9 1 1 2 0 0 1 0 0 0 0 0 0
310 2 0 0 0 0 0 0 0 0 1 0 0 0
311 7 1 1 3 0 0 2 0 0 0 0 0 0
313 2 1 1 0 0 0 0 0 0 1 0 0 0
318 13 0 0 0 0 0 0 0 0 0 0 0 0
322 77 1 1 25 5 5 0 0 0 13 7 0 0
324 6 1 1 1 0 0 0 0 0 2 1 0 0
327 3 0 0 2 0 0 0 0 0 1 0 0 0
337 2 1 1 2 0 0 0 0 0 0 0 0 0
368 2 0 0 1 0 0 1 0 0 0 0 0 0
369 4 0 0 1 1 1 0 0 0 0 0 0 0
375 6 0 0 2 0 0 1 0 0 0 0 0 0
377 1 0 0 1 0 0 0 0 0 0 0 0 0
380 2 0 0 2 0 0 0 0 0 0 0 0 0
381 2 0 0 0 0 0 0 0 0 1 0 0 0
382 3 1 1 0 0 0 1 0 0 0 0 0 0
385 17 1 1 7 0 0 2 0 0 6 3 0 0
388 4 1 1 1 0 0 1 0 0 0 0 0 0
389 4 0 0 3 0 0 0 0 0 0 0 0 0
390 5 0 0 0 0 0 0 0 0 0 0 0 0
391 4 1 1 0 0 0 0 0 0 0 0 0 0
394 13 0 0 0 0 0 0 0 0 0 0 0 0
396 26 0 0 0 0 0 0 0 0 13 2 0 0
397 2 0 0 1 0 0 1 0 0 0 0 0 0
403 3 0 0 1 0 0 0 0 0 1 0 0 0
407 12 2 2 4 0 0 0 0 0 2 0 0 0
411 4 0 0 1 0 0 0 0 0 0 0 0 0
413 2 0 0 0 0 0 0 0 0 1 1 0 0
439 2 1 1 1 0 0 0 0 0 0 0 0 0
442 8 0 0 0 0 0 0 0 0 2 0 0 0
458 4 1 1 0 0 0 2 0 0 0 0 0 0
460 3 0 0 1 0 0 0 0 0 0 0 0 0
461 6 0 0 3 0 0 1 0 0 0 0 0 0
463 6 1 1 3 0 0 0 0 0 1 1 0 0
477 2 0 0 0 0 0 1 0 0 0 0 0 0
665 3 0 0 2 0 0 1 0 0 0 0 0 0
674 6 1 1 4 1 1 1 0 0 0 0 0 0
676 2 0 0 0 0 0 0 0 0 1 0 0 0
680 2 0 0 1 0 0 1 0 0 0 0 0 0
686 2 0 0 1 0 0 0 0 0 1 1 0 0
688 2 1 1 0 0 0 1 0 0 0 0 0 0
689 2 0 0 0 0 0 0 0 0 1 1 0 0
692 3 1 1 1 0 0 0 0 0 1 0 0 0
694 9 2 2 2 0 0 5 0 0 0 0 0 0
696 2 0 0 0 0 0 1 0 0 0 0 0 0
738 4 1 1 1 0 0 0 0 0 2 1 0 0
746 3 1 1 1 0 0 1 0 0 0 0 0 0
759 17 2 2 2 0 0 1 0 0 2 1 0 0
760 2 0 0 0 0 0 1 0 0 0 0 0 0
763 3 0 0 1 0 0 0 0 0 1 1 0 0
766 19 2 2 3 0 0 0 0 0 4 3 0 0
769 9 0 0 0 0 0 6 0 0 0 0 0 0
771 1 0 0 0 0 0 1 0 0 0 0 0 0
773 6 1 1 3 0 0 0 0 0 2 0 0 0
775 3 0 0 1 0 0 1 0 0 0 0 0 0
787 1 0 0 0 0 0 0 0 0 0 0 0 0
788 5 1 1 1 0 0 2 0 0 0 0 0 0
789 9 0 0 1 0 0 1 0 0 0 0 0 0
790 16 0 0 0 0 0 0 0 0 8 6 0 0
792 6 0 0 0 0 0 0 0 0 0 0 0 0
793 6 1 1 0 0 0 6 0 0 0 0 0 0
794 18 0 0 0 0 0 0 0 0 6 1 0 0
795 12 0 0 0 0 0 6 0 0 0 0 0 0
796 3 1 1 1 0 0 0 0 0 1 1 0 0
805 5 1 1 4 0 0 0 0 0 1 1 0 0
806 4 1 1 0 0 0 2 0 0 0 0 0 0
808 7 0 0 1 0 0 0 0 0 1 0 0 0
830 2 0 0 0 0 0 0 0 0 1 0 0 0
834 2 1 1 0 0 0 0 0 0 0 0 0 0
835 5 1 1 1 0 0 0 0 0 1 0 0 0
840 3 1 1 1 0 0 0 0 0 1 1 0 0
842 2 0 0 1 0 0 0 0 0 1 0 0 0
844 2 0 0 0 0 0 1 0 0 0 0 0 0
855 2 0 0 1 0 0 0 0 0 1 0 0 0
924 6 0 0 2 0 0 0 0 0 1 0 0 0
935 3 1 1 1 0 0 0 0 0 1 1 0 0
980 7 1 1 3 0 0 0 0 0 1 0 0 0
983 2 1 1 0 0 0 1 0 0 0 0 0 0
987 5 0 0 1 0 0 0 0 0 2 1 0 0
991 3 0 0 1 0 0 0 0 0 0 0 0 0
994 4 1 1 1 0 0 1 0 0 0 0 0 0
996 8 1 1 2 0 0 0 0 0 2 1 0 0
999 4 1 1 2 0 0 0 0 0 1 0 0 0
1001 3 0 0 0 0 0 0 0 0 1 1 0 0
1003 2 1 1 0 0 0 0 0 0 1 1 0 0
1006 2 0 0 0 0 0 0 0 0 1 0 0 0
1009 3 0 0 1 0 0 0 0 0 1 1 0 0
1022 4 1 1 1 0 0 1 0 0 0 0 0 0
1024 3 0 0 2 0 0 0 0 0 1 1 0 0
1028 3 1 1 1 0 0 0 0 0 1 1 0 0
1030 11 0 0 9 0 0 0 0 0 1 0 0 0
fn=__printf_fp_l_buffer
1099 19 2 2 1 0 0 9 1 1 0 0 0 0
1102 3 0 0 1 0 0 0 0 0 1 0 0 0
1111 1 0 0 0 0 0 1 1 1 0 0 0 0
1112 2 0 0 0 0 0 1 0 0 0 0 0 0
1115 5 1 1 1 0 0 3 0 0 0 0 0 0
1116 5 0 0 2 1 1 0 0 0 1 1 0 0
1117 3 1 1 0 0 0 0 0 0 1 1 0 0
1122 7 1 1 3 0 0 1 0 0 0 0 0 0
1126 1 0 0 0 0 0 0 0 0 0 0 0 0
1147 11 1 1 9 0 0 0 0 0 1 0 0 0
fn=hack_digit
88 20 0 0 0 0 0 12 0 0 0 0 0 0
91 12 0 0 4 0 0 0 0 0 4 2 0 0
93 12 1 1 4 0 0 0 0 0 4 0 0 0
95 8 0 0 8 0 0 0 0 0 0 0 0 0
101 8 0 0 0 0 0 0 0 0 4 3 0 0
105 28 1 1 8 0 0 4 0 0 0 0 0 0
107 16 1 1 12 0 0 4 0 0 0 0 0 0
108 4 0 0 4 0 0 0 0 0 0 0 0 0
110 8 0 0 4 0 0 4 0 0 0 0 0 0
111 24 0 0 8 0 0 0 0 0 8 0 0 0
118 8 0 0 0 0 0 0 0 0 0 0 0 0
122 16 0 0 4 0 0 4 0 0 0 0 0 0
123 8 0 0 0 0 0 0 0 0 4 3 0 0
124 10 0 0 4 0 0 4 0 0 0 0 0 0
128 20 0 0 16 0 0 0 0 0 0 0 0 0
fl=./stdio-common/./stdio-common/vfprintf-internal.c
fn=__printf_buffer
263 3 0 0 0 0 0 0 0 0 1 1 0 0
264 3 0 0 0 0 0 0 0 0 0 0 0 0
266 1 1 1 0 0 0 1 0 0 0 0 0 0
600 30 1 1 0 0 0 16 1 1 0 0 0 0
627 10 1 1 6 2 2 4 1 1 0 0 0 0
631 2 0 0 0 0 0 2 0 0 0 0 0 0
634 2 0 0 0 0 0 2 0 0 0 0 0 0
638 8 0 0 4 0 0 4 1 1 0 0 0 0
642 2 0 0 0 0 0 2 0 0 0 0 0 0
653 6 0 0 0 0 0 2 0 0 0 0 0 0
654 4 0 0 0 0 0 0 0 0 0 0 0 0
655 6 0 0 2 0 0 0 0 0 2 0 0 0
659 4 0 0 2 0 0 0 0 0 2 0 0 0
663 16 1 1 6 1 1 2 1 1 6 0 0 0
683 2 0 0 0 0 0 2 0 0 0 0 0 0
684 2 1 1 0 0 0 2 0 0 0 0 0 0
685 2 0 0 0 0 0 2 0 0 0 0 0 0
686 2 0 0 0 0 0 2 0 0 0 0 0 0
687 2 0 0 0 0 0 0 0 0 0 0 0 0
690 4 0 0 0 0 0 0 0 0 0 0 2 2
691 2 0 0 0 0 0 0 0 0 0 0 0 0
692 2 0 0 0 0 0 0 0 0 0 0 0 0
693 2 0 0 0 0 0 0 0 0 0 0 0 0
694 2 0 0 0 0 0 2 0 0 0 0 0 0
695 2 0 0 0 0 0 0 0 0 0 0 0 0
698 2 0 0 0 0 0 2 0 0 0 0 0 0
699 2 0 0 0 0 0 2 1 1 0 0 0 0
705 28 3 3 6 3 3 0 0 0 2 2 0 0
709 1 1 1 0 0 0 0 0 0 0 0 0 0
744 2 0 0 2 2 2 0 0 0 0 0 0 0
813 1 0 0 0 0 0 0 0 0 0 0 0 0
814 3 0 0 1 0 0 0 0 0 1 0 0 0
840 3 0 0 0 0 0 0 0 0 1 0 0 0
855 13 1 1 2 1 1 0 0 0 1 0 1 1
891 2 1 1 0 0 0 0 0 0 0 0 0 0
973 8 1 1 1 0 0 2 0 0 1 0 0 0
976 34 2 2 7 0 0 6 0 0 0 0 0 0
996 11 1 1 3 0 0 2 0 0 2 0 0 0
997 2 0 0 0 0 0 1 0 0 0 0 0 0
1001 1 0 0 0 0 0 0 0 0 0 0 0 0
1018 2 0 0 2 0 0 0 0 0 0 0 0 0
1024 2 1 1 0 0 0 0 0 0 0 0 0 0
1028 6 1 1 0 0 0 2 0 0 0 0 0 0
1029 4 0 0 0 0 0 0 0 0 0 0 0 0
1031 4 0 0 2 0 0 0 0 0 2 2 0 0
1044 22 1 1 18 0 0 0 0 0 2 0 0 0
fn=__vfprintf_internal
1522 26 1 1 0 0 0 12 1 1 0 0 0 0
1525 13 1 1 4 0 0 3 0 0 3 2 0 0
1529 10 0 0 2 1 1 0 0 0 4 0 0 0
1540 4 0 0 2 1 1 0 0 0 2 2 0 0
1543 8 1 1 0 0 0 2 1 1 0 0 0 0
1544 10 0 0 0 0 0 2 0 0 0 0 0 0
1545 6 1 1 0 0 0 2 0 0 0 0 0 0
1567 22 1 1 18 0 0 0 0 0 2 0 0 0
fl=./stdio-common/./stdio-common/vfprintf-process-arg.c
fn=__printf_buffer
35 1 0 0 0 0 0 1 0 0 0 0 0 0
48 2 0 0 0 0 0 0 0 0 1 1 0 0
49 1 0 0 1 0 0 0 0 0 0 0 0 0
50 2 1 1 0 0 0 0 0 0 1 0 0 0
52 2 0 0 0 0 0 0 0 0 1 0 0 0
53 8 0 0 2 0 0 1 0 0 1 0 0 0
57 2 0 0 0 0 0 0 0 0 0 0 0 0
58 2 0 0 0 0 0 0 0 0 1 0 0 0
67 1 1 1 0 0 0 0 0 0 0 0 0 0
136 3 2 2 0 0 0 0 0 0 1 1 0 0
138 2 0 0 0 0 0 0 0 0 0 0 0 0
155 15 1 1 2 0 0 7 0 0 0 0 0 0
161 9 1 1 2 0 0 2 0 0 2 2 0 0
166 6 1 1 4 0 0 1 0 0 0 0 0 0
170 2 1 1 0 0 0 1 0 0 0 0 0 0
186 5 1 1 0 0 0 0 0 0 1 1 0 0
187 9 2 2 3 0 0 0 0 0 0 0 0 0
195 5 0 0 0 0 0 0 0 0 0 0 0 0
197 3 0 0 1 0 0 0 0 0 1 0 0 0
199 4 1 1 1 0 0 0 0 0 0 0 0 0
201 7 1 1 2 0 0 1 0 0 1 0 0 0
206 2 0 0 0 0 0 0 0 0 0 0 0 0
208 4 1 1 2 0 0 0 0 0 1 0 0 0
211 2 0 0 1 0 0 0 0 0 1 1 0 0
224 2 0 0 0 0 0 0 0 0 1 0 0 0
233 2 1 1 0 0 0 0 0 0 1 1 0 0
236 2 0 0 1 0 0 0 0 0 1 1 0 0
240 5 2 2 2 0 0 1 0 0 0 0 0 0
fl=./stdlib/../sysdeps/ieee754/dbl-64/dbl2mpn.c
fn=__mpn_extract_double
33 3 1 1 0 0 0 0 0 0 0 0 0 0
35 1 0 0 0 0 0 0 0 0 0 0 0 0
37 3 0 0 0 0 0 1 0 0 0 0 0 0
38 5 0 0 0 0 0 1 0 0 0 0 0 0
47 3 1 1 0 0 0 1 1 1 0 0 0 0
56 3 0 0 0 0 0 0 0 0 1 1 0 0
103 2 0 0 0 0 0 1 0 0 0 0 0 0
107 2 0 0 1 0 0 0 0 0 0 0 0 0
fl=./stdlib/../sysdeps/x86_64/lshift.S
fn=__mpn_lshift
28 1 1 1 0 0 0 0 0 0 0 0 0 0
29 1 0 0 0 0 0 0 0 0 0 0 0 0
30 1 0 0 0 0 0 0 0 0 0 0 0 0
32 1 0 0 0 0 0 0 0 0 0 0 0 0
33 1 0 0 0 0 0 0 0 0 0 0 0 0
34 1 0 0 0 0 0 0 0 0 1 1 0 0
46 1 0 0 0 0 0 0 0 0 0 0 0 0
47 1 0 0 0 0 0 0 0 0 1 0 0 0
48 1 0 0 1 0 0 0 0 0 0 0 0 0
49 1 0 0 0 0 0 0 0 0 0 0 0 0
50 1 1 1 0 0 0 0 0 0 0 0 0 0
51 1 0 0 0 0 0 0 0 0 0 0 0 0
52 1 0 0 0 0 0 0 0 0 1 1 0 0
58 1 0 0 0 0 0 0 0 0 0 0 0 0
59 1 0 0 0 0 0 1 0 0 0 0 0 0
60 1 0 0 1 0 0 0 0 0 0 0 0 0
fl=./stdlib/../sysdeps/x86_64/mul_1.S
fn=__mpn_mul_1
31 11 1 1 0 0 0 0 0 0 0 0 0 0
32 11 0 0 0 0 0 11 0 0 0 0 0 0
35 11 0 0 0 0 0 0 0 0 0 0 0 0
36 11 0 0 11 0 0 0 0 0 0 0 0 0
37 11 0 0 0 0 0 0 0 0 0 0 0 0
38 11 1 1 0 0 0 0 0 0 0 0 0 0
39 11 0 0 0 0 0 0 0 0 0 0 0 0
41 11 0 0 0 0 0 0 0 0 0 0 0 0
42 11 0 0 0 0 0 0 0 0 0 0 0 0
44 11 0 0 0 0 0 0 0 0 0 0 0 0
45 11 0 0 0 0 0 0 0 0 11 0 0 0
46 11 0 0 0 0 0 0 0 0 0 0 0 0
47 11 0 0 0 0 0 0 0 0 11 1 0 0
48 10 0 0 0 0 0 0 0 0 10 0 0 0
50 10 0 0 0 0 0 0 0 0 0 0 0 0
51 10 0 0 0 0 0 0 0 0 10 0 0 0
52 10 0 0 0 0 0 10 0 0 0 0 0 0
53 10 0 0 0 0 0 0 0 0 0 0 0 0
79 1 1 1 0 0 0 0 0 0 0 0 0 0
80 1 0 0 0 0 0 0 0 0 0 0 0 0
81 1 0 0 0 0 0 0 0 0 0 0 0 0
82 1 0 0 0 0 0 0 0 0 0 0 0 0
83 1 0 0 0 0 0 0 0 0 0 0 0 0
84 1 1 1 0 0 0 0 0 0 0 0 0 0
85 1 0 0 1 0 0 0 0 0 0 0 0 0
86 1 0 0 0 0 0 0 0 0 0 0 0 0
87 1 0 0 0 0 0 0 0 0 0 0 0 0
113 1 1 1 0 0 0 0 0 0 0 0 0 0
114 1 0 0 0 0 0 0 0 0 0 0 0 0
115 1 0 0 0 0 0 0 0 0 1 0 0 0
117 1 0 0 0 0 0 1 0 0 0 0 0 0
118 1 0 0 0 0 0 0 0 0 0 0 0 0
119 1 0 0 0 0 0 0 0 0 0 0 0 0
120 1 1 1 0 0 0 1 0 0 0 0 0 0
121 1 0 0 0 0 0 0 0 0 0 0 0 0
122 11 0 0 0 0 0 0 0 0 0 0 0 0
124 11 0 0 11 0 0 0 0 0 0 0 0 0
127 11 0 0 11 0 0 0 0 0 0 0 0 0
fl=./stdlib/../sysdeps/x86_64/rshift.S
fn=__mpn_rshift
28 2 1 1 0 0 0 0 0 0 0 0 0 0
29 2 0 0 0 0 0 0 0 0 0 0 0 0
30 2 0 0 0 0 0 0 0 0 0 0 0 0
31 2 0 0 0 0 0 0 0 0 2 2 0 0
44 2 0 0 0 0 0 0 0 0 0 0 0 0
45 2 1 1 0 0 0 0 0 0 2 2 0 0
61 2 0 0 0 0 0 0 0 0 2 1 0 0
62 2 0 0 2 0 0 0 0 0 0 0 0 0
63 2 0 0 2 0 0 0 0 0 0 0 0 0
64 2 0 0 0 0 0 0 0 0 0 0 0 0
65 2 0 0 0 0 0 0 0 0 0 0 0 0
66 2 0 0 0 0 0 0 0 0 0 0 0 0
67 2 0 0 0 0 0 0 0 0 2 2 0 0
72 2 1 1 0 0 0 0 0 0 0 0 0 0
73 2 0 0 0 0 0 2 0 0 0 0 0 0
74 2 0 0 0 0 0 0 0 0 0 0 0 0
75 2 0 0 0 0 0 2 0 0 0 0 0 0
76 2 0 0 2 0 0 0 0 0 0 0 0 0
fl=./stdlib/./stdlib/cmp.c
fn=__mpn_cmp
31 2 1 1 0 0 0 0 0 0 0 0 0 0
35 4 0 0 0 0 0 0 0 0 2 2 0 0
37 2 1 1 2 0 0 0 0 0 0 0 0 0
38 2 0 0 2 0 0 0 0 0 0 0 0 0
39 4 0 0 0 0 0 0 0 0 2 0 0 0
47 10 0 0 2 0 0 0 0 0 0 0 0 0
fl=./stdlib/./stdlib/cxa_atexit.c
fn=__cxa_atexit
41 2 1 1 0 0 0 0 0 0 1 0 0 0
43 8 0 0 1 1 0 0 0 0 1 0 0 0
44 2 0 0 0 0 0 1 0 0 0 0 0 0
46 2 0 0 0 0 0 0 0 0 1 0 0 0
52 3 0 0 1 0 0 0 0 0 0 0 0 0
53 1 0 0 0 0 0 1 0 0 0 0 0 0
54 1 0 0 0 0 0 1 0 0 0 0 0 0
55 1 1 1 0 0 0 1 0 0 0 0 0 0
56 1 0 0 0 0 0 1 0 0 0 0 0 0
57 4 0 0 2 0 0 0 0 0 2 0 0 0
58 1 0 0 0 0 0 0 0 0 0 0 0 0
67 7 1 1 0 0 0 5 0 0 0 0 0 0
69 6 0 0 6 0 0 0 0 0 0 0 0 0
fn=__new_exitfn
80 5 1 1 0 0 0 3 0 0 0 0 0 0
81 1 0 0 0 0 0 0 0 0 0 0 0 0
86 2 0 0 1 1 1 0 0 0 1 0 0 0
91 10 0 0 2 1 0 0 0 0 2 1 0 0
93 4 1 1 1 1 0 0 0 0 1 0 0 0
101 1 0 0 0 0 0 1 0 0 0 0 0 0
122 1 0 0 0 0 0 0 0 0 0 0 0 0
123 1 1 1 0 0 0 1 0 0 0 0 0 0
134 1 0 0 0 0 0 0 0 0 0 0 0 0
136 1 1 1 0 0 0 1 0 0 0 0 0 0
137 1 0 0 1 0 0 0 0 0 0 0 0 0
141 5 0 0 4 0 0 0 0 0 0 0 0 0
fl=./stdlib/./stdlib/cxa_finalize.c
fn=__cxa_finalize
30 30 1 1 0 0 0 18 0 0 0 0 0 0
33 21 0 0 3 0 0 0 0 0 6 0 0 0
36 21 2 2 6 0 0 0 0 0 6 0 0 0
40 21 0 0 3 0 0 0 0 0 3 0 0 0
93 21 2 2 6 1 1 0 0 0 6 2 0 0
97 18 0 0 3 1 1 0 0 0 3 2 0 0
105 6 0 0 0 0 0 3 0 0 0 0 0 0
106 12 0 0 6 0 0 0 0 0 6 1 0 0
107 24 0 0 21 0 0 0 0 0 0 0 0 0
fl=./stdlib/./stdlib/cxa_thread_atexit_impl.c
fn=__call_tls_dtors
148 5 1 1 0 0 0 3 0 0 0 0 0 0
149 4 1 1 2 0 0 0 0 0 1 1 0 0
165 4 1 1 4 0 0 0 0 0 0 0 0 0
fl=./stdlib/./stdlib/divrem.c
fn=__mpn_divrem
46 140 1 1 0 0 0 70 0 0 0 0 0 0
47 10 0 0 0 0 0 10 0 0 0 0 0 0
49 20 0 0 0 0 0 0 0 0 10 7 0 0
62 10 1 1 10 0 0 0 0 0 0 0 0 0
63 10 0 0 10 0 0 0 0 0 0 0 0 0
65 20 0 0 0 0 0 0 0 0 10 0 0 0
72 79 0 0 0 0 0 0 0 0 17 4 0 0
73 21 1 1 7 0 0 7 0 0 0 0 0 0
76 20 0 0 0 0 0 0 0 0 10 7 0 0
79 10 0 0 0 0 0 10 0 0 0 0 0 0
81 10 0 0 0 0 0 0 0 0 0 0 0 0
234 90 1 1 80 0 0 0 0 0 0 0 0 0
fl=./stdlib/./stdlib/exit.c
fn=__run_exit_handlers
38 12 1 1 0 0 0 8 0 0 0 0 0 0
40 2 0 0 0 0 0 0 0 0 1 1 0 0
41 2 1 1 0 0 0 1 0 0 0 0 0 0
43 5 1 1 1 1 1 0 0 0 1 0 0 0
54 2 0 0 2 1 1 0 0 0 0 0 0 0
56 2 0 0 0 0 0 0 0 0 1 0 0 0
60 1 0 0 0 0 0 1 1 1 0 0 0 0
64 6 0 0 2 1 1 0 0 0 2 1 0 0
66 2 1 1 0 0 0 1 0 0 0 0 0 0
67 1 0 0 1 0 0 0 0 0 0 0 0 0
69 7 0 0 1 0 0 0 0 0 2 1 0 0
94 2 0 0 0 0 0 0 0 0 0 0 0 0
101 1 0 0 0 0 0 1 0 0 0 0 0 0
102 1 1 1 1 0 0 0 0 0 0 0 0 0
103 1 0 0 1 0 0 0 0 0 0 0 0 0
104 3 0 0 1 0 0 0 0 0 0 0 0 0
107 4 0 0 2 0 0 0 0 0 2 0 0 0
108 3 0 0 0 0 0 1 0 0 0 0 1 1
109 4 1 1 1 0 0 0 0 0 1 1 0 0
113 3 1 1 1 0 0 0 0 0 1 1 0 0
119 3 1 1 2 0 0 1 0 0 0 0 0 0
120 2 0 0 0 0 0 0 0 0 1 1 0 0
126 4 1 1 2 0 0 0 0 0 2 1 0 0
128 2 0 0 1 0 0 0 0 0 1 1 0 0
129 2 0 0 0 0 0 1 0 0 0 0 0 0
131 2 0 0 0 0 0 1 0 0 0 0 0 0
fn=exit
137 3 1 1 0 0 0 1 0 0 0 0 0 0
138 4 0 0 0 0 0 1 0 0 0 0 0 0
fl=./stdlib/./stdlib/mul.c
fn=__mpn_mul
48 17 2 2 1 0 0 7 1 1 0 0 0 0
54 2 0 0 0 0 0 0 0 0 1 0 0 0
66 2 0 0 0 0 0 0 0 0 1 1 0 0
71 1 1 1 1 0 0 0 0 0 0 0 0 0
72 2 0 0 0 0 0 0 0 0 1 1 0 0
81 4 0 0 2 0 0 2 1 1 0 0 0 0
83 1 0 0 0 0 0 1 0 0 0 0 0 0
84 1 0 0 0 0 0 0 0 0 0 0 0 0
88 2 1 1 0 0 0 0 0 0 1 1 0 0
141 1 1 1 0 0 0 1 1 1 0 0 0 0
142 11 0 0 9 0 0 0 0 0 1 0 0 0
fl=./stdlib/./stdlib/rand.c
fn=rand
26 1504500 1 1 0 0 0 501500 0 0 0 0 0 0
27 501500 0 0 0 0 0 501500 0 0 0 0 0 0
28 1003000 0 0 1003000 0 0 0 0 0 0 0 0 0
fl=./stdlib/./stdlib/random.c
fn=random
288 3510500 2 2 501500 0 0 1003000 0 0 0 0 0 0
291 1504500 0 0 501500 0 0 0 0 0 501500 4 0 0
293 1504500 0 0 0 0 0 501500 0 0 0 0 0 0
295 2006000 0 0 1003000 0 0 0 0 0 1003000 0 0 0
297 501500 0 0 501500 0 0 0 0 0 0 0 0 0
298 2507500 1 1 2006000 0 0 0 0 0 501500 0 0 0
fn=srand
209 6 1 1 0 0 0 2 0 0 0 0 0 0
210 4 0 0 1 1 1 0 0 0 1 0 0 0
211 3 0 0 0 0 0 1 0 0 0 0 0 0
212 4 0 0 2 0 0 0 0 0 2 0 0 0
213 3 1 1 3 0 0 0 0 0 0 0 0 0
fl=./stdlib/./stdlib/random_r.c
fn=random_r
354 501500 1 1 0 0 0 0 0 0 0 0 0 0
357 2006000 0 0 0 0 0 0 0 0 1003000 0 0 0
360 501500 0 0 501500 0 0 0 0 0 0 0 0 0
362 1504500 1 1 501500 0 0 0 0 0 501500 3 0 0
370 501500 0 0 501500 0 0 0 0 0 0 0 0 0
371 501500 0 0 501500 0 0 0 0 0 0 0 0 0
372 501500 0 0 501500 0 0 0 0 0 0 0 0 0
375 1504500 1 1 1003000 0 0 501500 0 0 0 0 0 0
377 1003000 0 0 0 0 0 501500 0 0 0 0 0 0
378 986823 0 0 0 0 0 0 0 0 0 0 0 0
379 1003000 0 0 0 0 0 0 0 0 501500 16177 0 0
382 501500 0 0 0 0 0 0 0 0 0 0 0 0
387 970646 0 0 0 0 0 0 0 0 485323 16177 0 0
388 32354 0 0 0 0 0 0 0 0 0 0 0 0
390 501500 0 0 0 0 0 501500 0 0 0 0 0 0
391 501500 0 0 0 0 0 501500 0 0 0 0 0 0
393 501500 0 0 0 0 0 0 0 0 0 0 0 0
398 501500 0 0 501500 0 0 0 0 0 0 0 0 0
fn=srandom_r
162 2 1 1 0 0 0 0 0 0 0 0 0 0
170 2 0 0 0 0 0 0 0 0 1 0 0 0
172 1 0 0 1 0 0 0 0 0 0 0 0 0
173 2 0 0 0 0 0 0 0 0 1 0 0 0
176 1 0 0 1 0 0 0 0 0 0 0 0 0
180 4 0 0 0 0 0 1 0 0 0 0 0 0
181 2 0 0 0 0 0 0 0 0 1 0 0 0
184 3 0 0 0 0 0 0 0 0 0 0 0 0
186 1 0 0 1 0 0 0 0 0 0 0 0 0
187 63 1 1 0 0 0 0 0 0 31 3 0 0
192 240 0 0 0 0 0 0 0 0 0 0 0 0
193 60 0 0 0 0 0 0 0 0 0 0 0 0
194 90 1 1 0 0 0 0 0 0 0 0 0 0
196 90 0 0 0 0 0 0 0 0 0 0 0 0
197 60 0 0 0 0 0 30 1 1 0 0 0 0
200 6 0 0 1 1 0 1 0 0 0 0 0 0
202 1 0 0 0 0 0 0 0 0 0 0 0 0
203 622 0 0 0 0 0 0 0 0 310 11 0 0
210 2 0 0 1 0 0 0 0 0 0 0 0 0
362 930 1 1 310 0 0 0 0 0 310 1 0 0
370 310 0 0 310 0 0 0 0 0 0 0 0 0
371 310 0 0 310 0 0 0 0 0 0 0 0 0
372 310 0 0 310 0 0 0 0 0 0 0 0 0
375 620 0 0 620 0 0 0 0 0 0 0 0 0
378 310 0 0 0 0 0 0 0 0 0 0 0 0
379 620 0 0 0 0 0 0 0 0 310 11 0 0
381 20 0 0 0 0 0 0 0 0 0 0 0 0
382 310 0 0 0 0 0 0 0 0 0 0 0 0
388 600 1 1 0 0 0 0 0 0 0 0 0 0
390 310 0 0 0 0 0 310 0 0 0 0 0 0
391 310 0 0 0 0 0 310 0 0 0 0 0 0
fl=./string/../include/rtld-malloc.h
fn=strdup
56 8 0 0 4 0 0 4 0 0 0 0 4 1
fl=./string/../string/strcspn.c
fn=strcspn
32 6 1 1 0 0 0 2 0 0 0 0 0 0
33 3 0 0 1 1 1 0 0 0 1 0 0 0
34 2 0 0 1 0 0 0 0 0 1 0 0 0
39 6 0 0 0 0 0 4 2 2 0 0 0 0
40 4 1 1 0 0 0 4 1 1 0 0 0 0
41 4 0 0 0 0 0 4 1 1 0 0 0 0
42 4 0 0 0 0 0 4 0 0 0 0 0 0
44 1 0 0 0 0 0 0 0 0 0 0 0 0
47 9 1 1 3 0 0 3 0 0 0 0 0 0
48 6 0 0 0 0 0 0 0 0 3 2 0 0
51 4 0 0 2 0 0 0 0 0 1 0 0 0
52 4 0 0 2 0 0 0 0 0 1 0 0 0
53 4 1 1 2 0 0 0 0 0 1 0 0 0
54 4 0 0 2 0 0 0 0 0 1 0 0 0
56 3 0 0 0 0 0 0 0 0 0 0 0 0
61 13 0 0 0 0 0 0 0 0 0 0 0 0
62 26 0 0 26 1 1 0 0 0 0 0 0 0
63 26 1 1 26 0 0 0 0 0 0 0 0 0
64 26 0 0 26 0 0 0 0 0 0 0 0 0
65 13 0 0 13 0 0 0 0 0 0 0 0 0
67 78 0 0 13 0 0 0 0 0 13 10 0 0
69 1 0 0 0 0 0 0 0 0 0 0 0 0
70 4 0 0 0 0 0 0 0 0 1 0 0 0
71 3 0 0 3 0 0 0 0 0 0 0 0 0
fl=./string/../sysdeps/x86/cacheinfo.c
fn=__x86_cacheinfo
86 1 1 1 0 0 0 0 0 0 0 0 0 0
fl=./string/../sysdeps/x86/cacheinfo.h
fn=__x86_cacheinfo
59 1 0 0 1 0 0 0 0 0 0 0 0 0
62 3 1 1 1 1 0 0 0 0 1 0 0 0
64 3 0 0 0 0 0 1 0 0 0 0 0 0
65 1 0 0 0 0 0 1 1 1 0 0 0 0
71 3 0 0 1 0 0 0 0 0 1 0 0 0
73 3 1 1 0 0 0 1 0 0 0 0 0 0
74 1 0 0 0 0 0 1 0 0 0 0 0 0
78 2 0 0 1 0 0 1 1 1 0 0 0 0
80 2 0 0 1 0 0 1 0 0 0 0 0 0
81 2 0 0 1 0 0 1 0 0 0 0 0 0
82 2 0 0 1 0 0 1 0 0 0 0 0 0
84 2 1 1 1 1 0 0 0 0 1 1 0 0
86 2 0 0 1 0 0 0 0 0 0 0 0 0
fl=./string/../sysdeps/x86_64/multiarch/../multiarch/memcmp-sse2.S
fn=bcmp
59 1 1 1 0 0 0 0 0 0 0 0 0 0
71 1 0 0 0 0 0 0 0 0 0 0 0 0
72 1 0 0 0 0 0 0 0 0 1 0 0 0
94 1 0 0 0 0 0 0 0 0 0 0 0 0
95 1 0 0 0 0 0 0 0 0 1 1 0 0
140 1 1 1 1 0 0 0 0 0 0 0 0 0
141 1 0 0 1 0 0 0 0 0 0 0 0 0
143 1 0 0 0 0 0 0 0 0 0 0 0 0
144 1 0 0 0 0 0 0 0 0 1 0 0 0
146 1 0 0 1 0 0 0 0 0 0 0 0 0
147 1 0 0 1 0 0 0 0 0 0 0 0 0
149 1 0 0 0 0 0 0 0 0 0 0 0 0
150 1 0 0 0 0 0 0 0 0 1 1 0 0
197 1 0 0 0 0 0 0 0 0 0 0 0 0
198 1 0 0 0 0 0 0 0 0 0 0 0 0
199 1 0 0 0 0 0 0 0 0 0 0 0 0
200 1 0 0 0 0 0 0 0 0 0 0 0 0
201 1 0 0 0 0 0 0 0 0 0 0 0 0
202 1 0 0 1 0 0 0 0 0 0 0 0 0
fl=./string/../sysdeps/x86_64/multiarch/../multiarch/memset-vec-unaligned-erms.S
fn=memset
132 8 1 1 0 0 0 0 0 0 0 0 0 0
133 40 0 0 0 0 0 0 0 0 0 0 0 0
138 8 0 0 0 0 0 0 0 0 0 0 0 0
139 8 0 0 0 0 0 0 0 0 8 7 0 0
142 2 0 0 0 0 0 0 0 0 0 0 0 0
143 2 0 0 0 0 0 0 0 0 2 2 0 0
244 2 1 1 0 0 0 2 1 1 0 0 0 0
245 2 0 0 0 0 0 2 0 0 0 0 0 0
257 2 0 0 0 0 0 0 0 0 0 0 0 0
260 2 0 0 0 0 0 0 0 0 0 0 0 0
261 2 0 0 0 0 0 0 0 0 2 0 0 0
273 2 0 0 0 0 0 2 0 0 0 0 0 0
274 2 0 0 0 0 0 2 2 2 0 0 0 0
287 2 0 0 0 0 0 0 0 0 0 0 0 0
288 2 0 0 0 0 0 0 0 0 0 0 0 0
290 2 0 0 0 0 0 0 0 0 2 1 0 0
293 1 0 0 0 0 0 0 0 0 0 0 0 0
296 2 0 0 0 0 0 0 0 0 0 0 0 0
299 35 0 0 0 0 0 35 34 34 0 0 0 0
300 35 0 0 0 0 0 35 0 0 0 0 0 0
301 35 0 0 0 0 0 35 0 0 0 0 0 0
302 35 0 0 0 0 0 35 0 0 0 0 0 0
303 35 0 0 0 0 0 0 0 0 0 0 0 0
304 35 0 0 0 0 0 0 0 0 0 0 0 0
305 35 0 0 0 0 0 0 0 0 35 10 0 0
308 2 0 0 0 0 0 2 1 1 0 0 0 0
309 2 0 0 0 0 0 2 0 0 0 0 0 0
310 2 0 0 0 0 0 2 0 0 0 0 0 0
311 2 0 0 0 0 0 2 0 0 0 0 0 0
316 2 0 0 2 0 0 0 0 0 0 0 0 0
350 6 1 1 0 0 0 0 0 0 0 0 0 0
352 6 0 0 0 0 0 0 0 0 0 0 0 0
353 6 0 0 0 0 0 0 0 0 6 5 0 0
392 6 1 1 0 0 0 6 2 2 0 0 0 0
393 6 0 0 0 0 0 6 1 1 0 0 0 0
395 6 0 0 6 0 0 0 0 0 0 0 0 0
fl=./string/../sysdeps/x86_64/multiarch/../multiarch/strchr-sse2.S
fn=index
32 19 1 1 0 0 0 0 0 0 0 0 0 0
33 19 0 0 0 0 0 0 0 0 0 0 0 0
34 19 0 0 0 0 0 0 0 0 0 0 0 0
35 19 0 0 0 0 0 0 0 0 0 0 0 0
36 19 1 1 0 0 0 0 0 0 0 0 0 0
37 19 0 0 0 0 0 0 0 0 0 0 0 0
38 19 0 0 0 0 0 0 0 0 0 0 0 0
39 19 0 0 0 0 0 0 0 0 0 0 0 0
40 19 0 0 0 0 0 0 0 0 19 0 0 0
41 19 0 0 19 1 1 0 0 0 0 0 0 0
42 19 0 0 0 0 0 0 0 0 0 0 0 0
43 19 0 0 0 0 0 0 0 0 0 0 0 0
44 19 0 0 0 0 0 0 0 0 0 0 0 0
45 19 0 0 0 0 0 0 0 0 0 0 0 0
46 19 0 0 0 0 0 0 0 0 0 0 0 0
47 19 0 0 0 0 0 0 0 0 0 0 0 0
48 19 0 0 0 0 0 0 0 0 0 0 0 0
49 19 0 0 0 0 0 0 0 0 19 3 0 0
50 16 0 0 0 0 0 0 0 0 0 0 0 0
54 16 0 0 0 0 0 0 0 0 0 0 0 0
55 16 1 1 0 0 0 0 0 0 0 0 0 0
56 16 0 0 16 0 0 0 0 0 0 0 0 0
57 16 0 0 0 0 0 0 0 0 0 0 0 0
59 16 0 0 16 0 0 0 0 0 0 0 0 0
63 3 0 0 3 1 1 0 0 0 0 0 0 0
64 3 0 0 0 0 0 0 0 0 0 0 0 0
65 3 0 0 0 0 0 0 0 0 0 0 0 0
66 3 0 0 0 0 0 0 0 0 0 0 0 0
67 3 0 0 0 0 0 0 0 0 0 0 0 0
68 3 0 0 0 0 0 0 0 0 0 0 0 0
69 3 0 0 3 1 1 0 0 0 0 0 0 0
70 3 0 0 0 0 0 0 0 0 0 0 0 0
71 3 0 0 0 0 0 0 0 0 0 0 0 0
72 3 0 0 0 0 0 0 0 0 0 0 0 0
73 3 0 0 0 0 0 0 0 0 0 0 0 0
74 3 1 1 0 0 0 0 0 0 0 0 0 0
75 3 0 0 0 0 0 0 0 0 0 0 0 0
76 3 0 0 3 0 0 0 0 0 0 0 0 0
77 3 0 0 0 0 0 0 0 0 0 0 0 0
78 3 0 0 0 0 0 0 0 0 0 0 0 0
79 3 0 0 0 0 0 0 0 0 0 0 0 0
80 3 0 0 0 0 0 0 0 0 0 0 0 0
81 3 0 0 0 0 0 0 0 0 0 0 0 0
82 3 0 0 0 0 0 0 0 0 0 0 0 0
83 3 0 0 0 0 0 0 0 0 0 0 0 0
84 3 0 0 0 0 0 0 0 0 0 0 0 0
85 3 0 0 0 0 0 0 0 0 0 0 0 0
86 3 0 0 0 0 0 0 0 0 3 3 0 0
138 3 1 1 0 0 0 0 0 0 0 0 0 0
142 3 0 0 0 0 0 0 0 0 0 0 0 0
143 3 0 0 0 0 0 0 0 0 0 0 0 0
144 3 0 0 3 0 0 0 0 0 0 0 0 0
145 3 0 0 0 0 0 0 0 0 0 0 0 0
147 3 0 0 3 0 0 0 0 0 0 0 0 0
fl=./string/../sysdeps/x86_64/multiarch/../multiarch/strcmp-sse2.S
fn=strcmp
98 274 1 1 0 0 0 0 0 0 0 0 0 0
131 274 0 0 0 0 0 0 0 0 0 0 0 0
132 274 0 0 0 0 0 0 0 0 0 0 0 0
134 274 0 0 0 0 0 0 0 0 0 0 0 0
135 274 0 0 0 0 0 0 0 0 0 0 0 0
156 274 0 0 0 0 0 0 0 0 0 0 0 0
157 274 0 0 0 0 0 0 0 0 235 34 0 0
158 232 0 0 0 0 0 0 0 0 0 0 0 0
159 232 0 0 0 0 0 0 0 0 232 26 0 0
160 205 0 0 205 14 13 0 0 0 0 0 0 0
161 205 1 1 205 7 5 0 0 0 0 0 0 0
162 205 0 0 205 0 0 0 0 0 0 0 0 0
163 205 0 0 205 0 0 0 0 0 0 0 0 0
180 205 0 0 0 0 0 0 0 0 0 0 0 0
181 205 0 0 0 0 0 0 0 0 0 0 0 0
182 205 0 0 0 0 0 0 0 0 0 0 0 0
183 205 0 0 0 0 0 0 0 0 0 0 0 0
184 205 0 0 0 0 0 0 0 0 0 0 0 0
185 205 0 0 0 0 0 0 0 0 0 0 0 0
186 205 0 0 0 0 0 0 0 0 205 56 0 0
191 15 0 0 0 0 0 0 0 0 0 0 0 0
192 45 0 0 0 0 0 0 0 0 0 0 0 0
201 84 1 1 0 0 0 0 0 0 0 0 0 0
202 84 0 0 0 0 0 0 0 0 0 0 0 0
203 84 0 0 0 0 0 0 0 0 0 0 0 0
204 84 0 0 0 0 0 0 0 0 0 0 0 0
205 84 0 0 0 0 0 0 0 0 0 0 0 0
206 84 0 0 0 0 0 0 0 0 0 0 0 0
207 84 0 0 0 0 0 0 0 0 0 0 0 0
208 84 0 0 0 0 0 0 0 0 84 6 0 0
209 80 0 0 0 0 0 0 0 0 80 43 0 0
210 32 0 0 0 0 0 0 0 0 0 0 0 0
211 32 0 0 0 0 0 0 0 0 0 0 0 0
212 32 0 0 0 0 0 0 0 0 0 0 0 0
214 80 0 0 0 0 0 0 0 0 0 0 0 0
215 80 0 0 0 0 0 0 0 0 0 0 0 0
216 80 0 0 0 0 0 0 0 0 0 0 0 0
217 80 0 0 80 3 2 0 0 0 0 0 0 0
218 80 0 0 0 0 0 0 0 0 0 0 0 0
219 80 0 0 0 0 0 0 0 0 0 0 80 57
229 4 1 1 4 0 0 0 0 0 0 0 0 0
230 4 0 0 0 0 0 0 0 0 0 0 0 0
231 4 0 0 0 0 0 0 0 0 0 0 0 0
233 4 0 0 4 0 0 0 0 0 0 0 0 0
239 4 0 0 0 0 0 0 0 0 0 0 0 0
240 4 0 0 0 0 0 0 0 0 0 0 0 0
241 4 0 0 0 0 0 0 0 0 0 0 0 0
242 4 0 0 0 0 0 0 0 0 0 0 0 0
243 4 0 0 0 0 0 0 0 0 0 0 0 0
248 4 0 0 0 0 0 0 0 0 4 2 0 0
300 6 1 1 0 0 0 0 0 0 0 0 0 0
301 6 0 0 6 0 0 0 0 0 0 0 0 0
302 6 0 0 6 1 1 0 0 0 0 0 0 0
303 6 0 0 0 0 0 0 0 0 0 0 0 0
304 6 0 0 0 0 0 0 0 0 0 0 0 0
306 6 0 0 0 0 0 0 0 0 0 0 0 0
307 6 0 0 0 0 0 0 0 0 0 0 0 0
308 6 1 1 0 0 0 0 0 0 0 0 0 0
309 6 0 0 0 0 0 0 0 0 0 0 0 0
310 6 0 0 0 0 0 0 0 0 0 0 0 0
311 6 0 0 0 0 0 0 0 0 0 0 0 0
312 6 0 0 0 0 0 0 0 0 6 0 0 0
313 6 0 0 6 0 0 0 0 0 0 0 0 0
316 6 0 0 0 0 0 0 0 0 0 0 0 0
317 6 0 0 0 0 0 0 0 0 0 0 0 0
318 6 0 0 0 0 0 0 0 0 0 0 0 0
324 6 0 0 0 0 0 0 0 0 0 0 0 0
325 6 0 0 0 0 0 0 0 0 0 0 0 0
326 12 0 0 0 0 0 0 0 0 0 0 0 0
330 6 1 1 0 0 0 0 0 0 0 0 0 0
331 6 0 0 0 0 0 0 0 0 6 0 0 0
334 6 0 0 6 0 0 0 0 0 0 0 0 0
335 6 0 0 6 0 0 0 0 0 0 0 0 0
336 6 0 0 0 0 0 0 0 0 0 0 0 0
338 6 0 0 0 0 0 0 0 0 0 0 0 0
339 6 0 0 0 0 0 0 0 0 0 0 0 0
340 6 0 0 0 0 0 0 0 0 0 0 0 0
344 6 0 0 0 0 0 0 0 0 0 0 0 0
345 6 0 0 0 0 0 0 0 0 0 0 0 0
346 6 0 0 0 0 0 0 0 0 0 0 0 0
347 6 0 0 0 0 0 0 0 0 0 0 0 0
348 6 0 0 0 0 0 0 0 0 0 0 0 0
349 6 1 1 0 0 0 0 0 0 6 0 0 0
661 1 1 1 0 0 0 0 0 0 0 0 0 0
662 1 0 0 1 0 0 0 0 0 0 0 0 0
663 1 0 0 1 0 0 0 0 0 0 0 0 0
664 1 0 0 0 0 0 0 0 0 0 0 0 0
665 1 0 0 0 0 0 0 0 0 0 0 0 0
667 1 0 0 0 0 0 0 0 0 0 0 0 0
668 1 0 0 0 0 0 0 0 0 0 0 0 0
669 1 1 1 0 0 0 0 0 0 0 0 0 0
670 1 0 0 0 0 0 0 0 0 0 0 0 0
671 1 0 0 0 0 0 0 0 0 0 0 0 0
672 1 0 0 0 0 0 0 0 0 0 0 0 0
673 1 0 0 0 0 0 0 0 0 1 0 0 0
780 1 1 1 0 0 0 0 0 0 0 0 0 0
781 1 0 0 1 0 0 0 0 0 0 0 0 0
782 1 0 0 1 0 0 0 0 0 0 0 0 0
783 1 0 0 0 0 0 0 0 0 0 0 0 0
784 1 0 0 0 0 0 0 0 0 0 0 0 0
786 1 0 0 0 0 0 0 0 0 0 0 0 0
787 1 0 0 0 0 0 0 0 0 0 0 0 0
788 1 1 1 0 0 0 0 0 0 0 0 0 0
789 1 0 0 0 0 0 0 0 0 0 0 0 0
790 1 0 0 0 0 0 0 0 0 0 0 0 0
791 1 0 0 0 0 0 0 0 0 0 0 0 0
792 1 0 0 0 0 0 0 0 0 1 0 0 0
899 3 1 1 0 0 0 0 0 0 0 0 0 0
900 3 0 0 3 1 1 0 0 0 0 0 0 0
901 3 0 0 3 2 2 0 0 0 0 0 0 0
902 3 0 0 0 0 0 0 0 0 0 0 0 0
903 3 0 0 0 0 0 0 0 0 0 0 0 0
905 3 0 0 0 0 0 0 0 0 0 0 0 0
906 3 0 0 0 0 0 0 0 0 0 0 0 0
907 3 1 1 0 0 0 0 0 0 0 0 0 0
908 3 0 0 0 0 0 0 0 0 0 0 0 0
909 3 0 0 0 0 0 0 0 0 0 0 0 0
910 3 0 0 0 0 0 0 0 0 0 0 0 0
911 3 0 0 0 0 0 0 0 0 3 0 0 0
912 2 0 0 2 0 0 0 0 0 0 0 0 0
916 2 0 0 0 0 0 0 0 0 0 0 0 0
917 2 0 0 0 0 0 0 0 0 0 0 0 0
918 2 0 0 0 0 0 0 0 0 0 0 0 0
924 2 0 0 0 0 0 0 0 0 0 0 0 0
925 2 0 0 0 0 0 0 0 0 0 0 0 0
926 4 0 0 0 0 0 0 0 0 0 0 0 0
930 2 1 1 0 0 0 0 0 0 0 0 0 0
931 2 0 0 0 0 0 0 0 0 2 0 0 0
934 2 0 0 2 2 2 0 0 0 0 0 0 0
935 2 0 0 2 0 0 0 0 0 0 0 0 0
936 2 0 0 0 0 0 0 0 0 0 0 0 0
938 2 0 0 0 0 0 0 0 0 0 0 0 0
939 2 0 0 0 0 0 0 0 0 0 0 0 0
940 2 0 0 0 0 0 0 0 0 0 0 0 0
944 2 0 0 0 0 0 0 0 0 0 0 0 0
945 2 0 0 0 0 0 0 0 0 0 0 0 0
946 2 0 0 0 0 0 0 0 0 0 0 0 0
947 2 0 0 0 0 0 0 0 0 0 0 0 0
948 2 0 0 0 0 0 0 0 0 0 0 0 0
949 2 1 1 0 0 0 0 0 0 2 0 0 0
956 1 0 0 0 0 0 0 0 0 0 0 0 0
957 1 0 0 0 0 0 0 0 0 0 0 0 0
959 1 0 0 0 0 0 0 0 0 0 0 0 0
960 1 0 0 0 0 0 0 0 0 1 0 0 0
962 1 0 0 1 0 0 0 0 0 0 0 0 0
963 1 0 0 1 0 0 0 0 0 0 0 0 0
964 1 0 0 0 0 0 0 0 0 0 0 0 0
966 1 0 0 0 0 0 0 0 0 0 0 0 0
967 1 0 0 0 0 0 0 0 0 0 0 0 0
968 1 0 0 0 0 0 0 0 0 0 0 0 0
972 1 0 0 0 0 0 0 0 0 0 0 0 0
973 1 0 0 0 0 0 0 0 0 0 0 0 0
974 1 0 0 0 0 0 0 0 0 0 0 0 0
975 1 0 0 0 0 0 0 0 0 0 0 0 0
976 1 1 1 0 0 0 0 0 0 0 0 0 0
977 1 0 0 0 0 0 0 0 0 1 1 0 0
1018 3 1 1 0 0 0 0 0 0 0 0 0 0
1019 3 0 0 3 0 0 0 0 0 0 0 0 0
1020 3 0 0 3 2 2 0 0 0 0 0 0 0
1021 3 0 0 0 0 0 0 0 0 0 0 0 0
1022 3 0 0 0 0 0 0 0 0 0 0 0 0
1024 3 0 0 0 0 0 0 0 0 0 0 0 0
1025 3 0 0 0 0 0 0 0 0 0 0 0 0
1026 3 1 1 0 0 0 0 0 0 0 0 0 0
1027 3 0 0 0 0 0 0 0 0 0 0 0 0
1028 3 0 0 0 0 0 0 0 0 0 0 0 0
1029 3 0 0 0 0 0 0 0 0 0 0 0 0
1030 3 0 0 0 0 0 0 0 0 3 1 0 0
1031 2 0 0 2 0 0 0 0 0 0 0 0 0
1035 2 0 0 0 0 0 0 0 0 0 0 0 0
1036 2 0 0 0 0 0 0 0 0 0 0 0 0
1037 2 0 0 0 0 0 0 0 0 0 0 0 0
1043 2 0 0 0 0 0 0 0 0 0 0 0 0
1044 2 0 0 0 0 0 0 0 0 0 0 0 0
1045 4 0 0 0 0 0 0 0 0 0 0 0 0
1049 2 1 1 0 0 0 0 0 0 0 0 0 0
1050 2 0 0 0 0 0 0 0 0 2 0 0 0
1053 2 0 0 2 2 2 0 0 0 0 0 0 0
1054 2 0 0 2 0 0 0 0 0 0 0 0 0
1055 2 0 0 0 0 0 0 0 0 0 0 0 0
1057 2 0 0 0 0 0 0 0 0 0 0 0 0
1058 2 0 0 0 0 0 0 0 0 0 0 0 0
1059 2 0 0 0 0 0 0 0 0 0 0 0 0
1063 2 0 0 0 0 0 0 0 0 0 0 0 0
1064 2 0 0 0 0 0 0 0 0 0 0 0 0
1065 2 0 0 0 0 0 0 0 0 0 0 0 0
1066 2 0 0 0 0 0 0 0 0 0 0 0 0
1067 2 0 0 0 0 0 0 0 0 0 0 0 0
1068 2 1 1 0 0 0 0 0 0 2 1 0 0
1137 4 1 1 0 0 0 0 0 0 0 0 0 0
1138 4 0 0 4 0 0 0 0 0 0 0 0 0
1139 4 0 0 4 1 1 0 0 0 0 0 0 0
1140 4 0 0 0 0 0 0 0 0 0 0 0 0
1141 4 0 0 0 0 0 0 0 0 0 0 0 0
1143 4 0 0 0 0 0 0 0 0 0 0 0 0
1144 4 0 0 0 0 0 0 0 0 0 0 0 0
1145 4 1 1 0 0 0 0 0 0 0 0 0 0
1146 4 0 0 0 0 0 0 0 0 0 0 0 0
1147 4 0 0 0 0 0 0 0 0 0 0 0 0
1148 4 0 0 0 0 0 0 0 0 0 0 0 0
1149 4 0 0 0 0 0 0 0 0 4 2 0 0
1150 1 0 0 1 0 0 0 0 0 0 0 0 0
1154 1 0 0 0 0 0 0 0 0 0 0 0 0
1155 1 0 0 0 0 0 0 0 0 0 0 0 0
1156 1 0 0 0 0 0 0 0 0 0 0 0 0
1162 1 0 0 0 0 0 0 0 0 0 0 0 0
1163 1 0 0 0 0 0 0 0 0 0 0 0 0
1164 2 0 0 0 0 0 0 0 0 0 0 0 0
1168 1 1 1 0 0 0 0 0 0 0 0 0 0
1169 1 0 0 0 0 0 0 0 0 1 0 0 0
1172 1 0 0 1 1 1 0 0 0 0 0 0 0
1173 1 0 0 1 0 0 0 0 0 0 0 0 0
1174 1 0 0 0 0 0 0 0 0 0 0 0 0
1176 1 0 0 0 0 0 0 0 0 0 0 0 0
1177 1 0 0 0 0 0 0 0 0 0 0 0 0
1178 1 0 0 0 0 0 0 0 0 0 0 0 0
1182 1 0 0 0 0 0 0 0 0 0 0 0 0
1183 1 0 0 0 0 0 0 0 0 0 0 0 0
1184 1 0 0 0 0 0 0 0 0 0 0 0 0
1185 1 0 0 0 0 0 0 0 0 0 0 0 0
1186 1 0 0 0 0 0 0 0 0 0 0 0 0
1187 1 1 1 0 0 0 0 0 0 1 1 0 0
1256 11 1 1 0 0 0 0 0 0 0 0 0 0
1257 11 0 0 11 0 0 0 0 0 0 0 0 0
1258 11 0 0 11 0 0 0 0 0 0 0 0 0
1259 11 0 0 0 0 0 0 0 0 0 0 0 0
1260 11 0 0 0 0 0 0 0 0 0 0 0 0
1262 11 0 0 0 0 0 0 0 0 0 0 0 0
1263 11 0 0 0 0 0 0 0 0 0 0 0 0
1264 11 1 1 0 0 0 0 0 0 0 0 0 0
1265 11 0 0 0 0 0 0 0 0 0 0 0 0
1266 11 0 0 0 0 0 0 0 0 0 0 0 0
1267 11 0 0 0 0 0 0 0 0 0 0 0 0
1268 11 0 0 0 0 0 0 0 0 11 6 0 0
1269 1 0 0 1 0 0 0 0 0 0 0 0 0
1273 1 0 0 0 0 0 0 0 0 0 0 0 0
1274 1 0 0 0 0 0 0 0 0 0 0 0 0
1275 1 0 0 0 0 0 0 0 0 0 0 0 0
1281 1 0 0 0 0 0 0 0 0 0 0 0 0
1282 1 0 0 0 0 0 0 0 0 0 0 0 0
1283 2 0 0 0 0 0 0 0 0 0 0 0 0
1287 1 1 1 0 0 0 0 0 0 0 0 0 0
1288 1 0 0 0 0 0 0 0 0 1 0 0 0
1291 1 0 0 1 0 0 0 0 0 0 0 0 0
1292 1 0 0 1 0 0 0 0 0 0 0 0 0
1293 1 0 0 0 0 0 0 0 0 0 0 0 0
1295 1 0 0 0 0 0 0 0 0 0 0 0 0
1296 1 0 0 0 0 0 0 0 0 0 0 0 0
1297 1 0 0 0 0 0 0 0 0 0 0 0 0
1301 1 0 0 0 0 0 0 0 0 0 0 0 0
1302 1 0 0 0 0 0 0 0 0 0 0 0 0
1303 1 0 0 0 0 0 0 0 0 0 0 0 0
1304 1 0 0 0 0 0 0 0 0 0 0 0 0
1305 1 0 0 0 0 0 0 0 0 0 0 0 0
1306 1 1 1 0 0 0 0 0 0 1 0 0 0
1375 5 2 1 0 0 0 0 0 0 0 0 0 0
1376 5 0 0 5 1 1 0 0 0 0 0 0 0
1377 5 0 0 5 0 0 0 0 0 0 0 0 0
1378 5 0 0 0 0 0 0 0 0 0 0 0 0
1379 5 0 0 0 0 0 0 0 0 0 0 0 0
1381 5 0 0 0 0 0 0 0 0 0 0 0 0
1382 5 0 0 0 0 0 0 0 0 0 0 0 0
1383 5 1 1 0 0 0 0 0 0 0 0 0 0
1384 5 0 0 0 0 0 0 0 0 0 0 0 0
1385 5 0 0 0 0 0 0 0 0 0 0 0 0
1386 5 0 0 0 0 0 0 0 0 0 0 0 0
1387 5 0 0 0 0 0 0 0 0 5 2 0 0
1388 3 0 0 3 0 0 0 0 0 0 0 0 0
1392 3 0 0 0 0 0 0 0 0 0 0 0 0
1393 3 0 0 0 0 0 0 0 0 0 0 0 0
1394 3 0 0 0 0 0 0 0 0 0 0 0 0
1400 3 0 0 0 0 0 0 0 0 0 0 0 0
1401 3 0 0 0 0 0 0 0 0 0 0 0 0
1402 6 0 0 0 0 0 0 0 0 0 0 0 0
1406 3 2 1 0 0 0 0 0 0 0 0 0 0
1407 3 0 0 0 0 0 0 0 0 3 0 0 0
1410 3 0 0 3 0 0 0 0 0 0 0 0 0
1411 3 0 0 3 2 1 0 0 0 0 0 0 0
1412 3 0 0 0 0 0 0 0 0 0 0 0 0
1414 3 0 0 0 0 0 0 0 0 0 0 0 0
1415 3 0 0 0 0 0 0 0 0 0 0 0 0
1416 3 0 0 0 0 0 0 0 0 0 0 0 0
1420 3 0 0 0 0 0 0 0 0 0 0 0 0
1421 3 0 0 0 0 0 0 0 0 0 0 0 0
1422 3 0 0 0 0 0 0 0 0 0 0 0 0
1423 3 0 0 0 0 0 0 0 0 0 0 0 0
1424 3 0 0 0 0 0 0 0 0 0 0 0 0
1425 3 1 1 0 0 0 0 0 0 3 3 0 0
1494 7 1 1 0 0 0 0 0 0 0 0 0 0
1495 7 0 0 7 3 3 0 0 0 0 0 0 0
1496 7 0 0 7 2 2 0 0 0 0 0 0 0
1497 7 0 0 0 0 0 0 0 0 0 0 0 0
1498 7 0 0 0 0 0 0 0 0 0 0 0 0
1500 7 0 0 0 0 0 0 0 0 0 0 0 0
1501 7 0 0 0 0 0 0 0 0 0 0 0 0
1502 7 1 1 0 0 0 0 0 0 0 0 0 0
1503 7 0 0 0 0 0 0 0 0 0 0 0 0
1504 7 0 0 0 0 0 0 0 0 0 0 0 0
1505 7 0 0 0 0 0 0 0 0 0 0 0 0
1506 7 0 0 0 0 0 0 0 0 7 1 0 0
1507 6 0 0 6 0 0 0 0 0 0 0 0 0
1511 6 0 0 0 0 0 0 0 0 0 0 0 0
1512 6 0 0 0 0 0 0 0 0 0 0 0 0
1513 6 0 0 0 0 0 0 0 0 0 0 0 0
1519 6 0 0 0 0 0 0 0 0 0 0 0 0
1520 6 0 0 0 0 0 0 0 0 0 0 0 0
1521 12 0 0 0 0 0 0 0 0 0 0 0 0
1525 6 1 1 0 0 0 0 0 0 0 0 0 0
1526 6 0 0 0 0 0 0 0 0 6 0 0 0
1529 6 0 0 6 1 1 0 0 0 0 0 0 0
1530 6 0 0 6 2 2 0 0 0 0 0 0 0
1531 6 0 0 0 0 0 0 0 0 0 0 0 0
1533 6 0 0 0 0 0 0 0 0 0 0 0 0
1534 6 0 0 0 0 0 0 0 0 0 0 0 0
1535 6 0 0 0 0 0 0 0 0 0 0 0 0
1539 6 0 0 0 0 0 0 0 0 0 0 0 0
1540 6 0 0 0 0 0 0 0 0 0 0 0 0
1541 6 0 0 0 0 0 0 0 0 0 0 0 0
1542 6 0 0 0 0 0 0 0 0 0 0 0 0
1543 6 0 0 0 0 0 0 0 0 0 0 0 0
1544 6 1 1 0 0 0 0 0 0 6 2 0 0
1613 7 1 1 0 0 0 0 0 0 0 0 0 0
1614 7 0 0 7 0 0 0 0 0 0 0 0 0
1615 7 0 0 7 1 1 0 0 0 0 0 0 0
1616 7 0 0 0 0 0 0 0 0 0 0 0 0
1617 7 0 0 0 0 0 0 0 0 0 0 0 0
1619 7 0 0 0 0 0 0 0 0 0 0 0 0
1620 7 0 0 0 0 0 0 0 0 0 0 0 0
1621 7 1 1 0 0 0 0 0 0 0 0 0 0
1622 7 0 0 0 0 0 0 0 0 0 0 0 0
1623 7 0 0 0 0 0 0 0 0 0 0 0 0
1624 7 0 0 0 0 0 0 0 0 0 0 0 0
1625 7 0 0 0 0 0 0 0 0 7 3 0 0
1626 2 0 0 2 0 0 0 0 0 0 0 0 0
1630 2 0 0 0 0 0 0 0 0 0 0 0 0
1631 2 0 0 0 0 0 0 0 0 0 0 0 0
1632 2 0 0 0 0 0 0 0 0 0 0 0 0
1638 2 0 0 0 0 0 0 0 0 0 0 0 0
1639 2 0 0 0 0 0 0 0 0 0 0 0 0
1640 4 0 0 0 0 0 0 0 0 0 0 0 0
1644 2 1 1 0 0 0 0 0 0 0 0 0 0
1645 2 0 0 0 0 0 0 0 0 2 0 0 0
1648 2 0 0 2 0 0 0 0 0 0 0 0 0
1649 2 0 0 2 0 0 0 0 0 0 0 0 0
1650 2 0 0 0 0 0 0 0 0 0 0 0 0
1652 2 0 0 0 0 0 0 0 0 0 0 0 0
1653 2 0 0 0 0 0 0 0 0 0 0 0 0
1654 2 0 0 0 0 0 0 0 0 0 0 0 0
1658 2 0 0 0 0 0 0 0 0 0 0 0 0
1659 2 0 0 0 0 0 0 0 0 0 0 0 0
1660 2 0 0 0 0 0 0 0 0 0 0 0 0
1661 2 0 0 0 0 0 0 0 0 0 0 0 0
1662 2 0 0 0 0 0 0 0 0 0 0 0 0
1663 2 1 1 0 0 0 0 0 0 2 1 0 0
1670 1 0 0 0 0 0 0 0 0 0 0 0 0
1671 1 0 0 0 0 0 0 0 0 0 0 0 0
1673 1 0 0 0 0 0 0 0 0 0 0 0 0
1674 1 0 0 0 0 0 0 0 0 1 0 0 0
1676 1 0 0 1 0 0 0 0 0 0 0 0 0
1677 1 0 0 1 1 1 0 0 0 0 0 0 0
1678 1 0 0 0 0 0 0 0 0 0 0 0 0
1680 1 0 0 0 0 0 0 0 0 0 0 0 0
1681 1 0 0 0 0 0 0 0 0 0 0 0 0
1682 1 0 0 0 0 0 0 0 0 0 0 0 0
1686 1 0 0 0 0 0 0 0 0 0 0 0 0
1687 1 0 0 0 0 0 0 0 0 0 0 0 0
1688 1 0 0 0 0 0 0 0 0 0 0 0 0
1689 1 0 0 0 0 0 0 0 0 0 0 0 0
1690 1 1 1 0 0 0 0 0 0 0 0 0 0
1691 1 0 0 0 0 0 0 0 0 1 1 0 0
1732 8 1 1 0 0 0 0 0 0 0 0 0 0
1733 8 0 0 8 1 1 0 0 0 0 0 0 0
1734 8 0 0 8 2 2 0 0 0 0 0 0 0
1735 8 0 0 0 0 0 0 0 0 0 0 0 0
1736 8 0 0 0 0 0 0 0 0 0 0 0 0
1738 8 0 0 0 0 0 0 0 0 0 0 0 0
1739 8 0 0 0 0 0 0 0 0 0 0 0 0
1740 8 1 1 0 0 0 0 0 0 0 0 0 0
1741 8 0 0 0 0 0 0 0 0 0 0 0 0
1742 8 0 0 0 0 0 0 0 0 0 0 0 0
1743 8 0 0 0 0 0 0 0 0 0 0 0 0
1744 8 0 0 0 0 0 0 0 0 8 2 0 0
1745 7 0 0 7 0 0 0 0 0 0 0 0 0
1749 7 0 0 0 0 0 0 0 0 0 0 0 0
1750 7 0 0 0 0 0 0 0 0 0 0 0 0
1751 7 0 0 0 0 0 0 0 0 0 0 0 0
1757 7 0 0 0 0 0 0 0 0 0 0 0 0
1758 7 0 0 0 0 0 0 0 0 0 0 0 0
1759 14 0 0 0 0 0 0 0 0 0 0 0 0
1763 7 1 1 0 0 0 0 0 0 0 0 0 0
1764 7 0 0 0 0 0 0 0 0 7 0 0 0
1767 7 0 0 7 0 0 0 0 0 0 0 0 0
1768 7 0 0 7 2 2 0 0 0 0 0 0 0
1769 7 0 0 0 0 0 0 0 0 0 0 0 0
1771 7 0 0 0 0 0 0 0 0 0 0 0 0
1772 7 0 0 0 0 0 0 0 0 0 0 0 0
1773 7 0 0 0 0 0 0 0 0 0 0 0 0
1777 7 0 0 0 0 0 0 0 0 0 0 0 0
1778 7 0 0 0 0 0 0 0 0 0 0 0 0
1779 7 0 0 0 0 0 0 0 0 0 0 0 0
1780 7 0 0 0 0 0 0 0 0 0 0 0 0
1781 7 0 0 0 0 0 0 0 0 0 0 0 0
1782 7 1 1 0 0 0 0 0 0 7 2 0 0
1789 1 0 0 0 0 0 0 0 0 0 0 0 0
1790 1 0 0 0 0 0 0 0 0 0 0 0 0
1792 1 0 0 0 0 0 0 0 0 0 0 0 0
1793 1 0 0 0 0 0 0 0 0 1 0 0 0
1795 1 0 0 1 0 0 0 0 0 0 0 0 0
1796 1 0 0 1 0 0 0 0 0 0 0 0 0
1797 1 0 0 0 0 0 0 0 0 0 0 0 0
1799 1 0 0 0 0 0 0 0 0 0 0 0 0
1800 1 0 0 0 0 0 0 0 0 0 0 0 0
1801 1 0 0 0 0 0 0 0 0 0 0 0 0
1805 1 0 0 0 0 0 0 0 0 0 0 0 0
1806 1 0 0 0 0 0 0 0 0 0 0 0 0
1807 1 0 0 0 0 0 0 0 0 0 0 0 0
1808 1 0 0 0 0 0 0 0 0 0 0 0 0
1809 1 1 1 0 0 0 0 0 0 0 0 0 0
1810 1 0 0 0 0 0 0 0 0 1 1 0 0
1851 9 1 1 0 0 0 0 0 0 0 0 0 0
1852 9 0 0 9 0 0 0 0 0 0 0 0 0
1853 9 0 0 9 0 0 0 0 0 0 0 0 0
1854 9 0 0 0 0 0 0 0 0 0 0 0 0
1855 9 0 0 0 0 0 0 0 0 0 0 0 0
1857 9 0 0 0 0 0 0 0 0 0 0 0 0
1858 9 0 0 0 0 0 0 0 0 0 0 0 0
1859 9 1 1 0 0 0 0 0 0 0 0 0 0
1860 9 0 0 0 0 0 0 0 0 0 0 0 0
1861 9 0 0 0 0 0 0 0 0 0 0 0 0
1862 9 0 0 0 0 0 0 0 0 0 0 0 0
1863 9 0 0 0 0 0 0 0 0 9 9 0 0
1864 3 0 0 3 0 0 0 0 0 0 0 0 0
1868 3 0 0 0 0 0 0 0 0 0 0 0 0
1869 3 0 0 0 0 0 0 0 0 0 0 0 0
1870 3 0 0 0 0 0 0 0 0 0 0 0 0
1876 3 0 0 0 0 0 0 0 0 0 0 0 0
1877 3 0 0 0 0 0 0 0 0 0 0 0 0
1878 6 0 0 0 0 0 0 0 0 0 0 0 0
1882 3 2 1 0 0 0 0 0 0 0 0 0 0
1883 3 0 0 0 0 0 0 0 0 3 0 0 0
1886 3 0 0 3 0 0 0 0 0 0 0 0 0
1887 3 0 0 3 0 0 0 0 0 0 0 0 0
1888 3 0 0 0 0 0 0 0 0 0 0 0 0
1890 3 0 0 0 0 0 0 0 0 0 0 0 0
1891 3 0 0 0 0 0 0 0 0 0 0 0 0
1892 3 0 0 0 0 0 0 0 0 0 0 0 0
1896 3 0 0 0 0 0 0 0 0 0 0 0 0
1897 3 0 0 0 0 0 0 0 0 0 0 0 0
1898 3 0 0 0 0 0 0 0 0 0 0 0 0
1899 3 0 0 0 0 0 0 0 0 0 0 0 0
1900 3 0 0 0 0 0 0 0 0 0 0 0 0
1901 3 1 1 0 0 0 0 0 0 3 1 0 0
1970 15 1 1 0 0 0 0 0 0 0 0 0 0
1971 15 0 0 15 3 2 0 0 0 0 0 0 0
1972 15 0 0 15 2 1 0 0 0 0 0 0 0
1973 15 0 0 0 0 0 0 0 0 0 0 0 0
1974 15 0 0 0 0 0 0 0 0 0 0 0 0
1976 15 0 0 0 0 0 0 0 0 0 0 0 0
1977 15 0 0 0 0 0 0 0 0 0 0 0 0
1978 15 1 1 0 0 0 0 0 0 0 0 0 0
1979 15 0 0 0 0 0 0 0 0 0 0 0 0
1980 15 0 0 0 0 0 0 0 0 0 0 0 0
1981 15 0 0 0 0 0 0 0 0 0 0 0 0
1982 15 0 0 0 0 0 0 0 0 15 6 0 0
1984 7 0 0 7 0 0 0 0 0 0 0 0 0
1988 7 0 0 0 0 0 0 0 0 0 0 0 0
1989 7 0 0 0 0 0 0 0 0 0 0 0 0
1990 7 0 0 0 0 0 0 0 0 0 0 0 0
1996 7 0 0 0 0 0 0 0 0 0 0 0 0
1997 7 0 0 0 0 0 0 0 0 0 0 0 0
1999 14 0 0 0 0 0 0 0 0 0 0 0 0
2003 7 1 1 0 0 0 0 0 0 0 0 0 0
2004 7 0 0 0 0 0 0 0 0 7 0 0 0
2007 7 0 0 7 0 0 0 0 0 0 0 0 0
2008 7 0 0 7 1 1 0 0 0 0 0 0 0
2009 7 0 0 0 0 0 0 0 0 0 0 0 0
2011 7 0 0 0 0 0 0 0 0 0 0 0 0
2012 7 0 0 0 0 0 0 0 0 0 0 0 0
2013 7 0 0 0 0 0 0 0 0 0 0 0 0
2017 7 0 0 0 0 0 0 0 0 0 0 0 0
2018 7 0 0 0 0 0 0 0 0 0 0 0 0
2019 7 0 0 0 0 0 0 0 0 0 0 0 0
2020 7 0 0 0 0 0 0 0 0 0 0 0 0
2021 7 0 0 0 0 0 0 0 0 0 0 0 0
2022 7 1 1 0 0 0 0 0 0 7 3 0 0
2093 40 0 0 0 0 0 0 0 0 0 0 0 0
2095 84 1 1 0 0 0 0 0 0 0 0 0 0
2096 84 0 0 0 0 0 0 0 0 0 0 0 0
2097 84 0 0 0 0 0 0 0 0 0 0 0 0
2098 84 0 0 0 0 0 0 0 0 84 15 0 0
2099 64 0 0 0 0 0 0 0 0 0 0 0 0
2104 274 1 1 0 0 0 0 0 0 0 0 0 0
2110 274 0 0 274 0 0 0 0 0 0 0 0 0
2111 274 0 0 274 0 0 0 0 0 0 0 0 0
2119 274 0 0 0 0 0 0 0 0 0 0 0 0
2120 274 0 0 274 0 0 0 0 0 0 0 0 0
fn=strncmp
98 1 1 1 0 0 0 0 0 0 0 0 0 0
125 1 0 0 0 0 0 0 0 0 0 0 0 0
126 1 0 0 0 0 0 0 0 0 1 0 0 0
127 1 0 0 0 0 0 0 0 0 0 0 0 0
128 1 0 0 0 0 0 0 0 0 1 0 0 0
129 1 0 0 0 0 0 0 0 0 0 0 0 0
131 1 0 0 0 0 0 0 0 0 0 0 0 0
132 1 0 0 0 0 0 0 0 0 0 0 0 0
134 1 1 1 0 0 0 0 0 0 0 0 0 0
135 1 0 0 0 0 0 0 0 0 0 0 0 0
156 1 0 0 0 0 0 0 0 0 0 0 0 0
157 1 0 0 0 0 0 0 0 0 0 0 0 0
158 1 0 0 0 0 0 0 0 0 0 0 0 0
159 1 0 0 0 0 0 0 0 0 1 0 0 0
160 1 0 0 1 0 0 0 0 0 0 0 0 0
161 1 0 0 1 0 0 0 0 0 0 0 0 0
162 1 0 0 1 0 0 0 0 0 0 0 0 0
163 1 0 0 1 0 0 0 0 0 0 0 0 0
180 1 0 0 0 0 0 0 0 0 0 0 0 0
181 1 0 0 0 0 0 0 0 0 0 0 0 0
182 1 0 0 0 0 0 0 0 0 0 0 0 0
183 1 0 0 0 0 0 0 0 0 0 0 0 0
184 1 0 0 0 0 0 0 0 0 0 0 0 0
185 1 0 0 0 0 0 0 0 0 0 0 0 0
186 1 1 1 0 0 0 0 0 0 1 1 0 0
2104 1 1 1 0 0 0 0 0 0 0 0 0 0
2107 1 0 0 0 0 0 0 0 0 0 0 0 0
2108 1 0 0 0 0 0 0 0 0 1 0 0 0
2110 1 0 0 1 0 0 0 0 0 0 0 0 0
2111 1 0 0 1 0 0 0 0 0 0 0 0 0
2119 1 0 0 0 0 0 0 0 0 0 0 0 0
2120 1 0 0 1 0 0 0 0 0 0 0 0 0
fl=./string/../sysdeps/x86_64/multiarch/../multiarch/strlen-sse2.S
fn=strlen
57 20 1 1 0 0 0 0 0 0 0 0 0 0
101 20 0 0 0 0 0 0 0 0 0 0 0 0
102 20 0 0 0 0 0 0 0 0 0 0 0 0
103 20 0 0 0 0 0 0 0 0 0 0 0 0
104 20 0 0 0 0 0 0 0 0 0 0 0 0
105 20 0 0 0 0 0 0 0 0 0 0 0 0
106 20 0 0 0 0 0 0 0 0 0 0 0 0
107 20 0 0 0 0 0 0 0 0 0 0 0 0
109 20 0 0 0 0 0 0 0 0 0 0 0 0
111 20 0 0 0 0 0 0 0 0 20 0 0 0
142 20 0 0 20 2 2 0 0 0 0 0 0 0
143 20 0 0 0 0 0 0 0 0 0 0 0 0
144 20 0 0 0 0 0 0 0 0 0 0 0 0
145 20 0 0 0 0 0 0 0 0 0 0 0 0
146 20 0 0 0 0 0 0 0 0 20 7 0 0
147 11 0 0 0 0 0 0 0 0 0 0 0 0
149 11 0 0 11 0 0 0 0 0 0 0 0 0
153 9 1 1 0 0 0 0 0 0 0 0 0 0
154 9 0 0 9 0 0 0 0 0 0 0 0 0
155 9 0 0 9 0 0 0 0 0 0 0 0 0
156 9 0 0 9 0 0 0 0 0 0 0 0 0
157 9 0 0 0 0 0 0 0 0 0 0 0 0
158 9 0 0 0 0 0 0 0 0 0 0 0 0
159 9 0 0 0 0 0 0 0 0 0 0 0 0
160 9 0 0 0 0 0 0 0 0 0 0 0 0
161 9 0 0 0 0 0 0 0 0 0 0 0 0
162 9 0 0 0 0 0 0 0 0 0 0 0 0
163 9 0 0 0 0 0 0 0 0 0 0 0 0
164 9 0 0 0 0 0 0 0 0 0 0 0 0
169 72 1 1 9 0 0 0 0 0 9 0 0 0
fl=./string/../sysdeps/x86_64/multiarch/ifunc-avx2.h
fn=memrchr
38 4 0 0 0 0 0 0 0 0 1 1 0 0
40 3 0 0 2 0 0 0 0 0 0 0 0 0
41 2 0 0 1 0 0 0 0 0 1 1 0 0
42 3 1 1 1 0 0 0 0 0 1 0 0 0
45 2 0 0 0 0 0 0 0 0 0 0 0 0
46 2 0 0 0 0 0 0 0 0 1 1 0 0
49 3 0 0 0 0 0 0 0 0 1 0 0 0
52 6 0 0 0 0 0 0 0 0 0 0 0 0
fn=rindex
38 4 0 0 0 0 0 0 0 0 1 1 0 0
40 3 0 0 2 0 0 0 0 0 0 0 0 0
41 2 1 1 1 0 0 0 0 0 1 0 0 0
42 3 0 0 1 0 0 0 0 0 1 0 0 0
45 2 0 0 0 0 0 0 0 0 0 0 0 0
46 2 0 0 0 0 0 0 0 0 1 1 0 0
49 3 0 0 0 0 0 0 0 0 1 0 0 0
52 6 1 1 0 0 0 0 0 0 0 0 0 0
fn=strchrnul
38 4 0 0 0 0 0 0 0 0 1 1 0 0
40 3 0 0 2 0 0 0 0 0 0 0 0 0
41 2 1 1 1 0 0 0 0 0 1 0 0 0
42 3 0 0 1 0 0 0 0 0 1 0 0 0
45 2 0 0 0 0 0 0 0 0 0 0 0 0
46 2 0 0 0 0 0 0 0 0 1 0 0 0
49 3 0 0 0 0 0 0 0 0 1 0 0 0
52 6 0 0 0 0 0 0 0 0 0 0 0 0
fn=strlen
38 4 0 0 0 0 0 0 0 0 1 1 0 0
40 3 0 0 2 0 0 0 0 0 0 0 0 0
41 2 0 0 1 0 0 0 0 0 1 0 0 0
42 3 1 1 1 0 0 0 0 0 1 0 0 0
45 2 0 0 0 0 0 0 0 0 0 0 0 0
46 2 0 0 0 0 0 0 0 0 1 1 0 0
49 3 0 0 0 0 0 0 0 0 1 0 0 0
52 6 0 0 0 0 0 0 0 0 0 0 0 0
fn=strnlen
38 8 0 0 0 0 0 0 0 0 2 2 0 0
40 6 0 0 4 0 0 0 0 0 0 0 0 0
41 4 1 1 2 0 0 0 0 0 2 0 0 0
42 6 0 0 2 0 0 0 0 0 2 0 0 0
45 4 0 0 0 0 0 0 0 0 0 0 0 0
46 4 0 0 0 0 0 0 0 0 2 2 0 0
49 6 0 0 0 0 0 0 0 0 2 0 0 0
52 12 1 1 0 0 0 0 0 0 0 0 0 0
fl=./string/../sysdeps/x86_64/multiarch/ifunc-evex.h
fn=memchr
37 4 0 0 0 0 0 0 0 0 1 1 0 0
38 3 1 1 2 0 0 0 0 0 0 0 0 0
39 3 0 0 1 0 0 0 0 0 1 0 0 0
42 2 0 0 0 0 0 0 0 0 0 0 0 0
43 2 0 0 0 0 0 0 0 0 1 0 0 0
45 2 0 0 0 0 0 0 0 0 0 0 0 0
51 3 0 0 0 0 0 0 0 0 1 0 0 0
54 4 0 0 0 0 0 0 0 0 0 0 0 0
fl=./string/../sysdeps/x86_64/multiarch/ifunc-memcmp.h
fn=bcmp
34 5 1 1 2 0 0 0 0 0 1 0 0 0
35 2 0 0 1 0 0 0 0 0 1 0 0 0
36 2 0 0 0 0 0 0 0 0 1 0 0 0
37 3 0 0 1 0 0 0 0 0 1 0 0 0
40 2 0 0 0 0 0 0 0 0 0 0 0 0
41 2 0 0 0 0 0 0 0 0 1 1 0 0
44 3 0 0 0 0 0 0 0 0 1 0 0 0
47 4 0 0 0 0 0 0 0 0 0 0 0 0
fl=./string/../sysdeps/x86_64/multiarch/ifunc-memmove.h
fn=memcpy@@GLIBC_2.14
56 2 0 0 0 0 0 0 0 0 1 0 0 0
57 3 0 0 2 0 0 0 0 0 0 0 0 0
60 3 1 1 1 0 0 0 0 0 0 0 0 0
61 2 1 1 0 0 0 0 0 0 1 1 0 0
74 2 0 0 0 0 0 0 0 0 1 0 0 0
77 2 0 0 0 0 0 0 0 0 1 0 0 0
85 2 0 0 0 0 0 0 0 0 1 1 0 0
93 2 0 0 0 0 0 0 0 0 1 1 0 0
96 5 1 1 1 0 0 0 0 0 0 0 0 0
fn=memmove
56 2 0 0 0 0 0 0 0 0 1 0 0 0
57 3 0 0 2 0 0 0 0 0 0 0 0 0
60 3 0 0 1 0 0 0 0 0 0 0 0 0
61 2 1 1 0 0 0 0 0 0 1 1 0 0
74 2 0 0 0 0 0 0 0 0 1 0 0 0
77 2 0 0 0 0 0 0 0 0 1 0 0 0
85 2 0 0 0 0 0 0 0 0 1 1 0 0
93 2 1 1 0 0 0 0 0 0 1 1 0 0
96 5 2 2 1 0 0 0 0 0 0 0 0 0
fn=mempcpy
56 2 0 0 0 0 0 0 0 0 1 0 0 0
57 3 0 0 2 0 0 0 0 0 0 0 0 0
60 3 1 1 1 0 0 0 0 0 0 0 0 0
61 2 1 1 0 0 0 0 0 0 1 1 0 0
74 2 0 0 0 0 0 0 0 0 1 0 0 0
77 2 0 0 0 0 0 0 0 0 1 0 0 0
85 2 0 0 0 0 0 0 0 0 1 1 0 0
93 2 0 0 0 0 0 0 0 0 1 1 0 0
96 5 1 1 1 0 0 0 0 0 0 0 0 0
fl=./string/../sysdeps/x86_64/multiarch/ifunc-memset.h
fn=memset
54 5 0 0 2 0 0 0 0 0 1 0 0 0
57 3 0 0 1 0 0 0 0 0 0 0 0 0
58 2 1 1 0 0 0 0 0 0 1 1 0 0
64 2 1 1 0 0 0 0 0 0 0 0 0 0
73 2 0 0 0 0 0 0 0 0 1 0 0 0
75 2 0 0 0 0 0 0 0 0 1 0 0 0
85 2 0 0 0 0 0 0 0 0 1 0 0 0
93 2 0 0 0 0 0 0 0 0 1 0 0 0
96 5 0 0 1 0 0 0 0 0 0 0 0 0
fl=./string/../sysdeps/x86_64/multiarch/ifunc-sse4_2.h
fn=strcspn
36 5 0 0 2 0 0 0 0 0 0 0 0 0
fn=strpbrk
36 5 1 1 2 1 0 0 0 0 0 0 0 0
fn=strspn
36 5 1 1 2 0 0 0 0 0 0 0 0 0
fl=./string/../sysdeps/x86_64/multiarch/ifunc-strcasecmp.h
fn=strcasecmp
36 4 0 0 0 0 0 0 0 0 1 1 0 0
37 2 0 0 2 0 0 0 0 0 0 0 0 0
38 3 1 1 1 0 0 0 0 0 1 0 0 0
41 2 0 0 0 0 0 0 0 0 0 0 0 0
42 2 0 0 0 0 0 0 0 0 1 1 0 0
45 3 0 0 0 0 0 0 0 0 1 0 0 0
48 5 1 1 0 0 0 0 0 0 1 0 0 0
fn=strcasecmp_l
36 4 0 0 0 0 0 0 0 0 1 1 0 0
37 2 1 1 2 0 0 0 0 0 0 0 0 0
38 3 1 1 1 0 0 0 0 0 1 0 0 0
41 2 0 0 0 0 0 0 0 0 0 0 0 0
42 2 0 0 0 0 0 0 0 0 1 1 0 0
45 3 0 0 0 0 0 0 0 0 1 0 0 0
48 5 0 0 0 0 0 0 0 0 1 0 0 0
fn=strncasecmp
36 4 0 0 0 0 0 0 0 0 1 1 0 0
37 2 0 0 2 0 0 0 0 0 0 0 0 0
38 3 1 1 1 0 0 0 0 0 1 0 0 0
41 2 0 0 0 0 0 0 0 0 0 0 0 0
42 2 0 0 0 0 0 0 0 0 1 1 0 0
45 3 0 0 0 0 0 0 0 0 1 0 0 0
48 5 0 0 0 0 0 0 0 0 1 0 0 0
fn=strncasecmp_l
36 4 0 0 0 0 0 0 0 0 1 1 0 0
37 2 1 1 2 0 0 0 0 0 0 0 0 0
38 3 1 1 1 0 0 0 0 0 1 0 0 0
41 2 0 0 0 0 0 0 0 0 0 0 0 0
42 2 0 0 0 0 0 0 0 0 1 1 0 0
45 3 0 0 0 0 0 0 0 0 1 0 0 0
48 5 0 0 0 0 0 0 0 0 1 0 0 0
fl=./string/../sysdeps/x86_64/multiarch/ifunc-strcpy.h
fn=stpcpy
38 4 0 0 2 0 0 0 0 0 0 0 0 0
39 3 0 0 1 0 0 0 0 0 1 0 0 0
42 2 0 0 0 0 0 0 0 0 0 0 0 0
43 2 0 0 0 0 0 0 0 0 1 1 0 0
46 3 0 0 0 0 0 0 0 0 1 0 0 0
49 3 0 0 0 0 0 0 0 0 1 1 0 0
fn=strcat
38 4 0 0 2 0 0 0 0 0 0 0 0 0
39 3 1 1 1 0 0 0 0 0 1 0 0 0
42 2 0 0 0 0 0 0 0 0 0 0 0 0
43 2 0 0 0 0 0 0 0 0 1 1 0 0
46 3 0 0 0 0 0 0 0 0 1 0 0 0
49 3 0 0 0 0 0 0 0 0 1 1 0 0
fn=strcpy
38 4 0 0 2 0 0 0 0 0 0 0 0 0
39 3 1 1 1 0 0 0 0 0 1 0 0 0
42 2 0 0 0 0 0 0 0 0 0 0 0 0
43 2 0 0 0 0 0 0 0 0 1 1 0 0
46 3 0 0 0 0 0 0 0 0 1 0 0 0
49 3 0 0 0 0 0 0 0 0 1 1 0 0
fl=./string/../sysdeps/x86_64/multiarch/ifunc-strncpy.h
fn=stpncpy
35 5 1 1 2 0 0 0 0 0 1 0 0 0
36 3 0 0 1 0 0 0 0 0 1 0 0 0
39 2 0 0 0 0 0 0 0 0 0 0 0 0
40 2 0 0 0 0 0 0 0 0 1 1 0 0
43 3 0 0 0 0 0 0 0 0 1 0 0 0
46 4 0 0 0 0 0 0 0 0 0 0 0 0
fn=strncpy
35 5 0 0 2 0 0 0 0 0 1 0 0 0
36 3 0 0 1 0 0 0 0 0 1 1 0 0
39 2 0 0 0 0 0 0 0 0 0 0 0 0
40 2 0 0 0 0 0 0 0 0 1 1 0 0
43 3 0 0 0 0 0 0 0 0 1 0 0 0
46 4 0 0 0 0 0 0 0 0 0 0 0 0
fl=./string/../sysdeps/x86_64/multiarch/memchr.c
fn=memchr
29 2 1 1 1 0 0 0 0 0 0 0 0 0
fl=./string/../sysdeps/x86_64/multiarch/memcmp.c
fn=bcmp
29 4 2 2 1 0 0 0 0 0 0 0 0 0
fl=./string/../sysdeps/x86_64/multiarch/memcmpeq.c
fn=memcpy@@GLIBC_2.14
29 1 1 1 0 0 0 0 0 0 0 0 0 0
fl=./string/../sysdeps/x86_64/multiarch/memmove-vec-unaligned-erms.S
fn=__memcpy_avx_unaligned_erms
255 8 1 1 0 0 0 0 0 0 0 0 0 0
256 8 0 0 0 0 0 0 0 0 0 0 0 0
262 9 0 0 0 0 0 0 0 0 0 0 0 0
263 9 0 0 0 0 0 0 0 0 9 6 0 0
265 3 0 0 3 0 0 0 0 0 0 0 0 0
266 3 0 0 0 0 0 0 0 0 0 0 0 0
267 3 0 0 0 0 0 0 0 0 3 0 0 0
270 3 0 0 3 0 0 0 0 0 0 0 0 0
271 3 0 0 0 0 0 3 0 0 0 0 0 0
272 3 0 0 0 0 0 3 1 1 0 0 0 0
275 6 0 0 3 0 0 0 0 0 0 0 0 0
305 6 0 0 0 0 0 0 0 0 0 0 0 0
306 6 0 0 0 0 0 0 0 0 6 2 0 0
308 4 0 0 0 0 0 0 0 0 0 0 0 0
309 4 0 0 0 0 0 0 0 0 4 3 0 0
311 2 0 0 0 0 0 0 0 0 0 0 0 0
315 2 0 0 0 0 0 0 0 0 2 0 0 0
316 2 1 1 0 0 0 0 0 0 0 0 0 0
317 2 0 0 0 0 0 0 0 0 2 0 0 0
318 2 0 0 2 0 0 0 0 0 0 0 0 0
319 2 0 0 0 0 0 0 0 0 2 2 0 0
323 2 0 0 0 0 0 2 0 0 0 0 0 0
325 2 0 0 2 0 0 0 0 0 0 0 0 0
342 2 0 0 2 1 1 0 0 0 0 0 0 0
343 2 0 0 2 0 0 0 0 0 0 0 0 0
344 2 0 0 0 0 0 2 0 0 0 0 0 0
345 2 0 0 0 0 0 2 0 0 0 0 0 0
347 2 0 0 2 0 0 0 0 0 0 0 0 0
364 2 1 1 2 0 0 0 0 0 0 0 0 0
365 2 0 0 2 0 0 0 0 0 0 0 0 0
366 2 0 0 0 0 0 2 0 0 0 0 0 0
367 2 0 0 0 0 0 2 0 0 0 0 0 0
368 2 0 0 2 0 0 0 0 0 0 0 0 0
fn=__mempcpy_avx_unaligned_erms
242 1 1 1 0 0 0 0 0 0 0 0 0 0
243 1 0 0 0 0 0 0 0 0 0 0 0 0
244 1 0 0 0 0 0 0 0 0 0 0 0 0
245 1 0 0 0 0 0 0 0 0 0 0 0 0
fn=memcpy
210 21 1 1 0 0 0 0 0 0 0 0 0 0
211 21 0 0 0 0 0 0 0 0 0 0 0 0
217 38 0 0 0 0 0 0 0 0 0 0 0 0
218 38 0 0 0 0 0 0 0 0 38 19 0 0
220 20 0 0 20 1 0 0 0 0 0 0 0 0
221 20 0 0 0 0 0 0 0 0 0 0 0 0
222 20 0 0 0 0 0 0 0 0 20 7 0 0
224 13 0 0 13 0 0 0 0 0 0 0 0 0
225 13 0 0 0 0 0 13 2 2 0 0 0 0
226 13 0 0 0 0 0 13 1 1 0 0 0 0
228 13 0 0 13 0 0 0 0 0 0 0 0 0
308 18 2 1 0 0 0 0 0 0 0 0 0 0
309 18 0 0 0 0 0 0 0 0 18 15 0 0
311 3 0 0 0 0 0 0 0 0 0 0 0 0
315 3 0 0 0 0 0 0 0 0 3 0 0 0
316 3 0 0 0 0 0 0 0 0 0 0 0 0
317 3 0 0 0 0 0 0 0 0 3 2 0 0
318 1 0 0 1 1 1 0 0 0 0 0 0 0
319 1 0 0 0 0 0 0 0 0 1 1 0 0
323 1 0 0 0 0 0 1 1 1 0 0 0 0
325 3 0 0 3 0 0 0 0 0 0 0 0 0
364 15 1 1 15 0 0 0 0 0 0 0 0 0
365 15 0 0 15 0 0 0 0 0 0 0 0 0
366 15 0 0 0 0 0 15 5 5 0 0 0 0
367 15 0 0 0 0 0 15 1 1 0 0 0 0
368 15 0 0 15 0 0 0 0 0 0 0 0 0
375 7 0 0 7 0 0 0 0 0 0 0 0 0
376 7 0 0 7 0 0 0 0 0 0 0 0 0
377 7 0 0 0 0 0 7 1 1 0 0 0 0
378 7 0 0 0 0 0 7 0 0 0 0 0 0
379 7 0 0 0 0 0 7 4 4 0 0 0 0
380 7 0 0 0 0 0 7 0 0 0 0 0 0
381 7 0 0 7 0 0 0 0 0 0 0 0 0
392 7 1 1 0 0 0 0 0 0 0 0 0 0
393 7 0 0 0 0 0 0 0 0 7 0 0 0
395 7 0 0 7 0 0 0 0 0 0 0 0 0
396 7 2 2 0 0 0 0 0 0 0 0 0 0
397 7 0 0 0 0 0 0 0 0 7 7 0 0
fn=mempcpy
197 17 0 0 0 0 0 0 0 0 0 0 0 0
198 17 0 0 0 0 0 0 0 0 0 0 0 0
199 17 0 0 0 0 0 0 0 0 0 0 0 0
200 17 0 0 0 0 0 0 0 0 0 0 0 0
fl=./string/../sysdeps/x86_64/multiarch/memmove.c
fn=memmove
29 1 1 1 0 0 0 0 0 0 0 0 0 0
fl=./string/../sysdeps/x86_64/multiarch/mempcpy.c
fn=mempcpy
33 1 0 0 0 0 0 0 0 0 0 0 0 0
fl=./string/../sysdeps/x86_64/multiarch/memrchr.c
fn=memrchr
29 3 1 1 1 0 0 0 0 0 0 0 0 0
fl=./string/../sysdeps/x86_64/multiarch/memset.c
fn=memset
29 1 1 1 0 0 0 0 0 0 0 0 0 0
fl=./string/../sysdeps/x86_64/multiarch/stpcpy.c
fn=stpcpy
33 3 1 1 1 0 0 0 0 0 0 0 0 0
fl=./string/../sysdeps/x86_64/multiarch/stpncpy.c
fn=stpncpy
31 3 2 2 1 0 0 0 0 0 0 0 0 0
fl=./string/../sysdeps/x86_64/multiarch/strcasecmp.c
fn=strcasecmp
31 3 0 0 1 0 0 0 0 0 0 0 0 0
fl=./string/../sysdeps/x86_64/multiarch/strcasecmp_l.c
fn=strcasecmp_l
31 3 0 0 1 0 0 0 0 0 0 0 0 0
fl=./string/../sysdeps/x86_64/multiarch/strcat.c
fn=strcat
29 3 1 1 1 0 0 0 0 0 0 0 0 0
fl=./string/../sysdeps/x86_64/multiarch/strchr-avx2.S
fn=__strchrnul_avx2
53 4 1 1 0 0 0 0 0 0 0 0 0 0
55 4 0 0 0 0 0 0 0 0 0 0 0 0
56 4 0 0 0 0 0 0 0 0 0 0 0 0
57 4 0 0 0 0 0 0 0 0 0 0 0 0
58 4 0 0 0 0 0 0 0 0 0 0 0 0
59 4 0 0 0 0 0 0 0 0 0 0 0 0
62 4 0 0 0 0 0 0 0 0 0 0 0 0
63 4 1 1 0 0 0 0 0 0 4 0 0 0
67 4 0 0 4 1 1 0 0 0 0 0 0 0
68 4 0 0 0 0 0 0 0 0 0 0 0 0
69 4 0 0 0 0 0 0 0 0 0 0 0 0
70 4 0 0 0 0 0 0 0 0 0 0 0 0
71 4 0 0 0 0 0 0 0 0 0 0 0 0
72 4 0 0 0 0 0 0 0 0 0 0 0 0
73 4 0 0 0 0 0 0 0 0 4 2 0 0
74 2 0 0 0 0 0 0 0 0 0 0 0 0
87 2 0 0 0 0 0 0 0 0 0 0 0 0
89 4 0 0 2 0 0 0 0 0 0 0 0 0
101 2 0 0 0 0 0 0 0 0 0 0 0 0
102 2 0 0 0 0 0 0 0 0 0 0 0 0
108 2 0 0 0 0 0 0 0 0 0 0 0 0
109 4 0 0 2 0 0 0 0 0 0 0 0 0
157 2 1 1 0 0 0 0 0 0 0 0 0 0
161 2 0 0 2 0 0 0 0 0 0 0 0 0
162 2 0 0 0 0 0 0 0 0 0 0 0 0
163 2 1 1 0 0 0 0 0 0 0 0 0 0
164 2 0 0 0 0 0 0 0 0 0 0 0 0
165 2 0 0 0 0 0 0 0 0 0 0 0 0
166 2 0 0 0 0 0 0 0 0 0 0 0 0
167 2 0 0 0 0 0 0 0 0 2 2 0 0
fl=./string/../sysdeps/x86_64/multiarch/strchr.c
fn=index
42 4 0 0 0 0 0 0 0 0 0 0 0 0
43 2 0 0 2 0 0 0 0 0 0 0 0 0
44 3 1 1 1 0 0 0 0 0 1 0 0 0
47 2 0 0 0 0 0 0 0 0 0 0 0 0
48 2 1 1 0 0 0 0 0 0 1 1 0 0
51 3 0 0 0 0 0 0 0 0 1 0 0 0
54 3 0 0 0 0 0 0 0 0 1 0 0 0
65 3 1 1 1 0 0 0 0 0 0 0 0 0
fl=./string/../sysdeps/x86_64/multiarch/strchrnul.c
fn=strchrnul
31 3 0 0 1 0 0 0 0 0 0 0 0 0
fl=./string/../sysdeps/x86_64/multiarch/strcmp.c
fn=strcmp
47 4 1 1 0 0 0 0 0 0 0 0 0 0
48 2 0 0 2 0 0 0 0 0 0 0 0 0
49 3 0 0 1 0 0 0 0 0 1 0 0 0
52 2 0 0 0 0 0 0 0 0 0 0 0 0
53 2 0 0 0 0 0 0 0 0 1 0 0 0
56 3 0 0 0 0 0 0 0 0 1 0 0 0
59 3 0 0 0 0 0 0 0 0 1 0 0 0
79 3 2 2 1 0 0 0 0 0 0 0 0 0
fl=./string/../sysdeps/x86_64/multiarch/strcpy.c
fn=strcpy
29 3 1 1 1 0 0 0 0 0 0 0 0 0
fl=./string/../sysdeps/x86_64/multiarch/strcspn.c
fn=strcspn
29 2 1 1 1 0 0 0 0 0 0 0 0 0
fl=./string/../sysdeps/x86_64/multiarch/strlen-avx2.S
fn=__strlen_avx2
52 1 1 1 0 0 0 0 0 0 0 0 0 0
65 1 0 0 0 0 0 0 0 0 0 0 0 0
66 1 0 0 0 0 0 0 0 0 0 0 0 0
67 1 0 0 0 0 0 0 0 0 0 0 0 0
70 1 0 0 0 0 0 0 0 0 0 0 0 0
72 1 0 0 0 0 0 0 0 0 0 0 0 0
73 1 0 0 0 0 0 0 0 0 1 0 0 0
76 1 0 0 1 1 1 0 0 0 0 0 0 0
77 1 0 0 0 0 0 0 0 0 0 0 0 0
85 1 0 0 0 0 0 0 0 0 0 0 0 0
86 1 0 0 0 0 0 0 0 0 1 0 0 0
87 1 0 0 0 0 0 0 0 0 0 0 0 0
92 2 0 0 1 0 0 0 0 0 0 0 0 0
fl=./string/../sysdeps/x86_64/multiarch/strlen.c
fn=strlen
29 3 1 1 1 0 0 0 0 0 0 0 0 0
fl=./string/../sysdeps/x86_64/multiarch/strncase.c
fn=strncasecmp
31 3 1 1 1 0 0 0 0 0 0 0 0 0
fl=./string/../sysdeps/x86_64/multiarch/strncase_l.c
fn=strncasecmp_l
31 3 1 1 1 0 0 0 0 0 0 0 0 0
fl=./string/../sysdeps/x86_64/multiarch/strncmp.c
fn=strncmp
43 4 0 0 0 0 0 0 0 0 1 1 0 0
44 2 1 1 2 0 0 0 0 0 0 0 0 0
45 3 1 1 1 0 0 0 0 0 1 0 0 0
48 2 0 0 0 0 0 0 0 0 0 0 0 0
49 2 0 0 0 0 0 0 0 0 1 1 0 0
52 3 0 0 0 0 0 0 0 0 1 0 0 0
55 5 0 0 0 0 0 0 0 0 1 0 0 0
67 3 1 1 1 0 0 0 0 0 0 0 0 0
fl=./string/../sysdeps/x86_64/multiarch/strncpy.c
fn=strncpy
29 3 2 2 1 0 0 0 0 0 0 0 0 0
fl=./string/../sysdeps/x86_64/multiarch/strnlen.c
fn=strnlen
31 6 1 1 2 0 0 0 0 0 0 0 0 0
fl=./string/../sysdeps/x86_64/multiarch/strpbrk.c
fn=strpbrk
29 2 0 0 1 0 0 0 0 0 0 0 0 0
fl=./string/../sysdeps/x86_64/multiarch/strrchr-avx2.S
fn=__strrchr_avx2
53 1 1 1 0 0 0 0 0 0 0 0 0 0
54 1 0 0 0 0 0 0 0 0 0 0 0 0
55 1 0 0 0 0 0 0 0 0 0 0 0 0
57 1 0 0 0 0 0 0 0 0 0 0 0 0
58 1 1 1 0 0 0 0 0 0 0 0 0 0
62 1 0 0 0 0 0 0 0 0 0 0 0 0
63 1 0 0 0 0 0 0 0 0 0 0 0 0
64 1 0 0 0 0 0 0 0 0 1 0 0 0
67 1 0 0 1 1 0 0 0 0 0 0 0 0
69 1 0 0 0 0 0 0 0 0 0 0 0 0
70 1 0 0 0 0 0 0 0 0 0 0 0 0
71 1 0 0 0 0 0 0 0 0 0 0 0 0
72 1 0 0 0 0 0 0 0 0 1 0 0 0
75 1 0 0 0 0 0 0 0 0 0 0 0 0
76 1 0 0 0 0 0 0 0 0 0 0 0 0
78 1 0 0 0 0 0 0 0 0 0 0 0 0
79 1 0 0 0 0 0 0 0 0 0 0 0 0
80 1 0 0 0 0 0 0 0 0 1 0 0 0
81 1 0 0 0 0 0 0 0 0 0 0 0 0
82 1 0 0 0 0 0 0 0 0 0 0 0 0
91 2 0 0 1 0 0 0 0 0 0 0 0 0
fl=./string/../sysdeps/x86_64/multiarch/strrchr.c
fn=rindex
28 3 0 0 1 0 0 0 0 0 0 0 0 0
fl=./string/../sysdeps/x86_64/multiarch/strspn.c
fn=strspn
29 2 1 1 1 0 0 0 0 0 0 0 0 0
fl=./string/./string/strdup.c
fn=strdup
40 24 1 1 0 0 0 12 0 0 0 0 0 0
41 8 0 0 0 0 0 4 0 0 0 0 0 0
44 8 1 1 0 0 0 0 0 0 4 0 0 0
47 16 0 0 0 0 0 0 0 0 0 0 0 0
48 12 0 0 12 0 0 0 0 0 0 0 0 0
fl=./wcsmbs/../sysdeps/x86_64/multiarch/ifunc-avx2.h
fn=wcschr
38 8 1 1 0 0 0 0 0 0 2 2 0 0
40 6 0 0 4 0 0 0 0 0 0 0 0 0
41 4 0 0 2 0 0 0 0 0 2 0 0 0
42 6 0 0 2 0 0 0 0 0 2 0 0 0
45 4 0 0 0 0 0 0 0 0 0 0 0 0
46 4 0 0 0 0 0 0 0 0 2 2 0 0
49 6 0 0 0 0 0 0 0 0 2 0 0 0
52 12 1 1 0 0 0 0 0 0 0 0 0 0
fn=wcscmp
38 4 0 0 0 0 0 0 0 0 1 1 0 0
40 3 0 0 2 0 0 0 0 0 0 0 0 0
41 2 1 1 1 0 0 0 0 0 1 0 0 0
42 3 0 0 1 0 0 0 0 0 1 0 0 0
45 2 0 0 0 0 0 0 0 0 0 0 0 0
46 2 0 0 0 0 0 0 0 0 1 1 0 0
49 3 0 0 0 0 0 0 0 0 1 0 0 0
52 6 1 1 0 0 0 0 0 0 0 0 0 0
fl=./wcsmbs/../sysdeps/x86_64/multiarch/ifunc-evex.h
fn=wmemchr
37 8 0 0 0 0 0 0 0 0 2 2 0 0
38 6 1 1 4 0 0 0 0 0 0 0 0 0
39 6 0 0 2 0 0 0 0 0 2 0 0 0
42 4 0 0 0 0 0 0 0 0 0 0 0 0
43 4 1 1 0 0 0 0 0 0 2 2 0 0
45 4 0 0 0 0 0 0 0 0 0 0 0 0
51 6 0 0 0 0 0 0 0 0 2 0 0 0
54 8 0 0 0 0 0 0 0 0 0 0 0 0
fl=./wcsmbs/../sysdeps/x86_64/multiarch/ifunc-memcmp.h
fn=wmemcmp
34 5 1 1 2 0 0 0 0 0 1 0 0 0
35 2 0 0 1 0 0 0 0 0 1 0 0 0
36 2 0 0 0 0 0 0 0 0 1 0 0 0
37 3 0 0 1 0 0 0 0 0 1 0 0 0
40 2 0 0 0 0 0 0 0 0 0 0 0 0
41 2 0 0 0 0 0 0 0 0 1 1 0 0
44 3 0 0 0 0 0 0 0 0 1 0 0 0
47 4 0 0 0 0 0 0 0 0 0 0 0 0
fl=./wcsmbs/../sysdeps/x86_64/multiarch/ifunc-wcs.h
fn=wcpncpy
39 4 1 1 0 0 0 0 0 0 1 1 0 0
40 3 0 0 2 0 0 0 0 0 0 0 0 0
41 3 0 0 1 0 0 0 0 0 1 0 0 0
44 2 0 0 0 0 0 0 0 0 0 0 0 0
45 3 0 0 0 0 0 0 0 0 1 0 0 0
48 4 0 0 0 0 0 0 0 0 0 0 0 0
fn=wcscat
39 4 0 0 0 0 0 0 0 0 1 1 0 0
40 3 0 0 2 0 0 0 0 0 0 0 0 0
41 3 0 0 1 0 0 0 0 0 1 0 0 0
44 2 0 0 0 0 0 0 0 0 0 0 0 0
45 3 0 0 0 0 0 0 0 0 1 1 0 0
48 4 0 0 0 0 0 0 0 0 0 0 0 0
fn=wcsncpy
39 4 0 0 0 0 0 0 0 0 1 1 0 0
40 3 0 0 2 0 0 0 0 0 0 0 0 0
41 3 0 0 1 0 0 0 0 0 1 0 0 0
44 2 0 0 0 0 0 0 0 0 0 0 0 0
45 3 0 0 0 0 0 0 0 0 1 1 0 0
48 4 0 0 0 0 0 0 0 0 0 0 0 0
fl=./wcsmbs/../sysdeps/x86_64/multiarch/ifunc-wcslen.h
fn=wcslen
40 4 0 0 0 0 0 0 0 0 1 1 0 0
41 2 0 0 2 0 0 0 0 0 0 0 0 0
42 3 1 1 1 0 0 0 0 0 1 0 0 0
45 2 0 0 0 0 0 0 0 0 0 0 0 0
46 2 0 0 0 0 0 0 0 0 1 1 0 0
49 3 0 0 0 0 0 0 0 0 1 0 0 0
52 3 0 0 0 0 0 0 0 0 1 0 0 0
fn=wcsnlen
40 4 0 0 0 0 0 0 0 0 1 1 0 0
41 2 1 1 2 0 0 0 0 0 0 0 0 0
42 3 0 0 1 0 0 0 0 0 1 0 0 0
45 2 1 1 0 0 0 0 0 0 0 0 0 0
46 2 0 0 0 0 0 0 0 0 1 1 0 0
49 3 0 0 0 0 0 0 0 0 1 0 0 0
52 3 0 0 0 0 0 0 0 0 1 0 0 0
fl=./wcsmbs/../sysdeps/x86_64/multiarch/ifunc-wmemset.h
fn=wmemset
36 10 0 0 4 0 0 0 0 0 2 0 0 0
37 6 1 1 2 0 0 0 0 0 2 2 0 0
fl=./wcsmbs/../sysdeps/x86_64/multiarch/wcpcpy.c
fn=wcpncpy
31 1 1 1 0 0 0 0 0 0 0 0 0 0
fl=./wcsmbs/../sysdeps/x86_64/multiarch/wcpncpy.c
fn=wcpncpy
31 1 0 0 1 0 0 0 0 0 0 0 0 0
fl=./wcsmbs/../sysdeps/x86_64/multiarch/wcscat.c
fn=wcscat
31 2 1 1 1 0 0 0 0 0 0 0 0 0
fn=wcschr
31 2 1 1 0 0 0 0 0 0 0 0 0 0
fl=./wcsmbs/../sysdeps/x86_64/multiarch/wcschr.c
fn=wcschr
31 4 0 0 2 0 0 0 0 0 0 0 0 0
fl=./wcsmbs/../sysdeps/x86_64/multiarch/wcscmp.c
fn=wcscmp
30 3 1 1 1 0 0 0 0 0 0 0 0 0
fl=./wcsmbs/../sysdeps/x86_64/multiarch/wcscpy.c
fn=wcscpy
42 4 0 0 0 0 0 0 0 0 1 1 0 0
43 2 1 1 2 0 0 0 0 0 0 0 0 0
44 3 0 0 1 0 0 0 0 0 1 0 0 0
46 2 1 1 0 0 0 0 0 0 0 0 0 0
47 3 0 0 0 0 0 0 0 0 1 1 0 0
50 3 0 0 0 0 0 0 0 0 1 0 0 0
60 2 1 1 1 0 0 0 0 0 0 0 0 0
fl=./wcsmbs/../sysdeps/x86_64/multiarch/wcslen.c
fn=wcslen
29 3 2 2 1 0 0 0 0 0 0 0 0 0
fl=./wcsmbs/../sysdeps/x86_64/multiarch/wcsncpy.c
fn=wcsncpy
31 2 1 1 1 0 0 0 0 0 0 0 0 0
fl=./wcsmbs/../sysdeps/x86_64/multiarch/wcsnlen.c
fn=wcsnlen
30 3 1 1 1 0 0 0 0 0 0 0 0 0
fl=./wcsmbs/../sysdeps/x86_64/multiarch/wmemchr.c
fn=wmemchr
31 4 1 1 2 0 0 0 0 0 0 0 0 0
fl=./wcsmbs/../sysdeps/x86_64/multiarch/wmemcmp.c
fn=wmemcmp
29 4 1 1 1 0 0 0 0 0 0 0 0 0
fl=./wcsmbs/../sysdeps/x86_64/multiarch/wmemset.c
fn=wmemset
31 4 1 1 2 0 0 0 0 0 0 0 0 0
fl=/mnt/c/Users/salma/Desktop/SYED_SAHIL/NITKMTCS_Semester_1/HPC_CS701/16-09-2026/question_02/power_iteration_rmo.c
fn=main
9 4 0 0 0 0 0 1 0 0 0 0 0 0
10 3 0 0 0 0 0 2 1 0 0 0 0 0
11 3 0 0 0 0 0 2 0 0 0 0 0 0
12 3 0 0 0 0 0 2 0 0 0 0 0 0
14 6 1 1 3 0 0 0 0 0 3 1 0 0
19 2 0 0 0 0 0 1 0 0 0 0 0 0
21 3004 2 2 2001 0 0 1 0 0 1001 6 0 0
22 1506500 1 1 1003000 0 0 1000 0 0 501500 1011 0 0
23 3003000 0 0 500500 1 1 1001000 0 0 0 0 0 0
24 5005000 0 0 2002000 0 0 500500 63138 62341 0 0 0 0
25 5005000 0 0 2002000 0 0 500500 285743 63124 0 0 0 0
29 3004 1 1 2001 0 0 1 0 0 1001 8 0 0
30 11000 0 0 3000 0 0 2000 126 126 0 0 0 0
33 2 0 0 0 0 0 1 0 0 0 0 0 0
34 2 0 0 0 0 0 1 0 0 0 0 0 0
36 19 1 1 11 0 0 1 0 0 6 3 0 0
37 12 1 1 0 0 0 6 0 0 0 0 0 0
39 18024 1 1 12006 0 0 6 0 0 6006 24 0 0
40 96000 0 0 42000 620 160 6000 0 0 0 0 0 0
43 30 0 0 6 0 0 12 0 0 0 0 0 0
44 12 0 0 6 0 0 6 0 0 0 0 0 0
46 18024 2 2 12006 0 0 6 0 0 6006 22 0 0
47 78000 0 0 36000 0 0 6000 125 125 0 0 0 0
50 42 0 0 24 5 5 0 0 0 6 3 0 0
51 6 0 0 1 0 0 1 0 0 0 0 0 0
52 1 0 0 0 0 0 0 0 0 0 0 0 0
55 10 1 1 5 0 0 5 0 0 0 0 0 0
57 15020 0 0 10005 0 0 5 0 0 5005 8 0 0
58 35000 0 0 10000 0 0 5000 620 135 0 0 0 0
59 15020000 2 2 10005000 0 0 5000 0 0 5005000 5014 0 0
60 145000000 0 0 60000000 625005 593997 5000000 0 0 0 0 0 0
65 6 1 1 1 0 0 1 0 0 0 0 0 0
67 3 0 0 1 0 0 1 0 0 0 0 0 0
68 3 0 0 1 0 0 1 0 0 0 0 0 0
69 3 0 0 1 0 0 1 0 0 0 0 0 0
71 1 0 0 0 0 0 0 0 0 0 0 0 0
72 2 0 0 2 0 0 0 0 0 0 0 0 0
fl=???
fn=(below main)
0 12 2 2 2 0 0 3 0 0 0 0 1 1
fn=???
0 1003258 35 34 501589 16 16 15 1 1 16 11 501557 18
summary: 204572563 1550 1540 85717387 627150 595486 11557545 350217 126298 10055651 42638 502002 230
